horizon,mae,rmse,mape,r2,n_samples
1,656.8211435849846,846.9409896106511,2.6463000695935395,0.954142677318098,2788
2,882.6071859568459,1133.591115034036,3.515797746766205,0.9231849725446739,2788
3,1046.6665535078748,1354.7655448500518,4.132689491970669,0.8933569803732525,2788
4,1116.5914021471965,1471.9275419895457,4.376220675181809,0.8767769123301119,2788
5,1161.3391665415777,1546.632436657879,4.555944284400269,0.8638126669253786,2788
6,1203.953029882806,1607.389405338738,4.738614449678114,0.8515653100211911,2788
7,1241.4219904216784,1646.5668513439907,4.886825290608031,0.8416608917820353,2788
8,1268.8078027627846,1682.5370166451241,4.989249333080549,0.8346321704526669,2788
9,1253.2751453758615,1678.2522277938667,4.924436207946717,0.8371340452965542,2788
10,1261.1848576963773,1699.40040871579,4.986906928409175,0.8322467069125028,2788
11,1265.4350808317695,1702.3326458736733,5.008323588853134,0.8324423266743122,2788
12,1278.876593806601,1708.2577949835716,5.04862968482623,0.8331348897172127,2788
13,1296.876094210975,1720.940277585863,5.107350109596998,0.8306901617246312,2788
14,1322.2315202144423,1749.9389708422473,5.20169757696152,0.8240117035606357,2788
15,1332.224023622189,1768.0322860579504,5.253766148242855,0.8209806047087287,2788
16,1345.438631106683,1783.0897294353322,5.326699882635452,0.8184758762076287,2788
17,1369.6545911393032,1809.7264027606043,5.426421705576127,0.8147983723891747,2788
18,1384.8772499282177,1835.1286471086412,5.474557023188291,0.8083797418594496,2788
19,1370.220004730074,1824.0345715569053,5.424816749470008,0.8096705530290427,2788
20,1357.3155884518046,1813.522626169693,5.37531779551732,0.8119787803892895,2788
21,1373.5822807358886,1838.298015379551,5.438528493443193,0.8066082315510471,2788
22,1357.5077481262954,1825.279454343699,5.363733333358551,0.8092373860742489,2788
23,1354.9201379830463,1812.584430992506,5.323072911719525,0.8144331611023696,2788
24,1385.7160652445182,1834.5655821268049,5.443047052932705,0.8113445252473133,2788
