timestamp,temperature_2m,relative_humidity_2m,dew_point_2m,apparent_temperature,precipitation,rain,surface_pressure,cloud_cover,wind_speed_10m,wind_direction_10m,shortwave_radiation,city,source
2026-10-05 06:00:00,15.32,86.3,13.0,13.95,0.0,0.0,1015.06,80.1,16.02,233.6,0.0,UK_Average,forecast
2026-10-05 07:00:00,15.28,86.8,13.07,13.89,0.01,0.01,1015.05,83.4,16.32,229.4,0.0,UK_Average,forecast
2026-10-05 08:00:00,15.31,87.1,13.15,13.96,0.0,0.0,1015.13,85.0,16.32,230.4,7.6,UK_Average,forecast
2026-10-05 09:00:00,15.58,86.6,13.32,14.22,0.0,0.0,1015.12,88.6,16.64,233.6,50.6,UK_Average,forecast
2026-10-05 10:00:00,15.95,84.7,13.34,14.47,0.0,0.0,1015.26,88.2,17.43,239.8,121.9,UK_Average,forecast
2026-10-05 11:00:00,16.41,81.9,13.29,14.85,0.01,0.01,1015.4,90.9,18.05,238.8,169.2,UK_Average,forecast
2026-10-05 12:00:00,17.06,77.5,13.03,15.29,0.01,0.01,1015.19,82.1,18.8,244.4,221.1,UK_Average,forecast
2026-10-05 13:00:00,17.6,74.6,12.93,15.63,0.01,0.01,1015.01,82.6,19.95,248.0,258.4,UK_Average,forecast
2026-10-05 14:00:00,17.72,72.6,12.56,15.67,0.06,0.06,1014.88,86.8,19.86,257.0,247.3,UK_Average,forecast
2026-10-05 15:00:00,17.7,71.0,12.15,15.6,0.09,0.09,1014.85,75.3,19.28,258.4,255.4,UK_Average,forecast
2026-10-05 16:00:00,17.53,70.5,11.93,15.53,0.0,0.0,1014.74,75.5,18.25,260.0,181.4,UK_Average,forecast
2026-10-05 17:00:00,17.23,72.2,12.03,15.54,0.0,0.0,1014.86,77.5,16.31,261.4,126.6,UK_Average,forecast
2026-10-05 18:00:00,16.75,72.6,11.69,15.12,0.0,0.0,1014.94,64.7,15.22,262.6,62.7,UK_Average,forecast
2026-10-05 19:00:00,16.14,75.3,11.67,14.83,0.0,0.0,1015.12,57.2,13.14,256.0,0.0,UK_Average,forecast
2026-10-05 20:00:00,15.69,78.7,11.94,14.59,0.0,0.0,1015.23,63.2,12.19,253.4,0.0,UK_Average,forecast
2026-10-05 21:00:00,15.32,81.3,12.08,14.39,0.0,0.0,1015.27,67.2,11.43,253.0,0.0,UK_Average,forecast
2026-10-05 22:00:00,15.05,81.7,11.92,14.25,0.0,0.0,1015.31,63.9,10.15,252.2,0.0,UK_Average,forecast
2026-10-05 23:00:00,14.88,82.2,11.83,14.05,0.01,0.01,1015.21,78.0,10.19,247.2,0.0,UK_Average,forecast
2026-10-06 00:00:00,14.64,83.1,11.77,13.76,0.0,0.0,1015.11,74.6,10.44,255.0,0.0,UK_Average,forecast
2026-10-06 01:00:00,14.38,83.9,11.67,13.49,0.01,0.01,1015.07,77.9,10.15,251.0,0.0,UK_Average,forecast
2026-10-06 02:00:00,14.09,84.4,11.48,13.3,0.0,0.0,1014.92,67.8,9.04,245.6,0.0,UK_Average,forecast
2026-10-06 03:00:00,13.92,84.5,11.32,13.18,0.0,0.0,1014.67,71.1,8.35,243.2,0.0,UK_Average,forecast
2026-10-06 04:00:00,13.74,84.6,11.16,13.12,0.04,0.04,1014.39,75.9,7.31,245.2,0.0,UK_Average,forecast
2026-10-06 05:00:00,13.52,85.2,11.06,12.84,0.0,0.0,1014.27,80.5,7.46,237.6,0.0,UK_Average,forecast
2026-10-06 06:00:00,13.45,85.6,11.06,12.82,0.0,0.0,1014.22,83.2,7.02,238.4,0.0,UK_Average,forecast
2026-10-06 07:00:00,13.24,86.7,11.06,12.59,0.0,0.0,1014.26,76.0,7.2,226.8,0.0,UK_Average,forecast
2026-10-06 08:00:00,13.11,87.0,10.99,12.4,0.02,0.02,1014.4,74.4,7.64,232.8,7.1,UK_Average,forecast
2026-10-06 09:00:00,13.51,85.2,11.07,12.9,0.07,0.07,1014.59,80.1,7.06,237.4,66.1,UK_Average,forecast
2026-10-06 10:00:00,14.29,80.4,10.92,13.58,0.04,0.04,1014.76,80.1,7.53,247.0,134.2,UK_Average,forecast
2026-10-06 11:00:00,14.87,76.2,10.64,14.02,0.0,0.0,1014.68,65.9,7.99,252.6,214.4,UK_Average,forecast
2026-10-06 12:00:00,15.48,71.6,10.17,14.47,0.04,0.04,1014.45,76.3,8.25,258.0,273.0,UK_Average,forecast
2026-10-06 13:00:00,15.82,68.9,9.9,14.83,0.01,0.01,1014.16,74.7,7.47,220.2,270.2,UK_Average,forecast
2026-10-06 14:00:00,16.1,66.7,9.62,15.03,0.12,0.12,1013.91,91.1,7.44,228.8,206.8,UK_Average,forecast
2026-10-06 15:00:00,16.26,63.6,8.96,14.97,0.05,0.05,1013.7,68.8,7.67,242.8,236.5,UK_Average,forecast
2026-10-06 16:00:00,16.23,64.2,9.03,14.85,0.97,0.97,1013.5,72.6,8.53,245.2,172.3,UK_Average,forecast
2026-10-06 17:00:00,16.0,63.8,8.77,14.53,0.26,0.26,1013.34,67.7,8.63,237.6,112.2,UK_Average,forecast
2026-10-06 18:00:00,15.52,67.1,9.08,14.24,0.16,0.16,1013.32,75.4,7.82,224.4,54.6,UK_Average,forecast
2026-10-06 19:00:00,14.86,70.3,9.27,13.64,0.05,0.05,1013.42,63.7,7.66,221.0,0.0,UK_Average,forecast
2026-10-06 20:00:00,14.29,74.6,9.64,13.22,0.03,0.03,1013.45,82.2,7.31,217.6,0.0,UK_Average,forecast
2026-10-06 21:00:00,13.76,75.9,9.43,12.54,0.02,0.02,1013.37,71.3,8.04,205.6,0.0,UK_Average,forecast
2026-10-06 22:00:00,13.34,77.9,9.5,12.13,0.01,0.01,1013.25,72.4,8.21,214.0,0.0,UK_Average,forecast
2026-10-06 23:00:00,13.09,79.4,9.55,11.99,0.01,0.01,1013.2,79.5,7.37,252.6,0.0,UK_Average,forecast
2026-10-07 00:00:00,12.77,80.3,9.4,11.49,0.05,0.05,1013.06,89.3,8.17,193.4,0.0,UK_Average,forecast
2026-10-07 01:00:00,12.18,81.6,9.06,10.7,0.22,0.22,1012.8,82.6,8.83,193.2,0.0,UK_Average,forecast
2026-10-07 02:00:00,12.0,82.5,9.06,10.65,0.18,0.18,1012.58,92.2,8.0,191.2,0.0,UK_Average,forecast
2026-10-07 03:00:00,11.82,83.1,9.01,10.37,0.13,0.13,1012.24,77.9,8.72,211.8,0.0,UK_Average,forecast
2026-10-07 04:00:00,11.68,82.1,8.68,10.12,0.22,0.22,1012.03,90.4,8.75,179.8,0.0,UK_Average,forecast
2026-10-07 05:00:00,11.31,83.9,8.61,9.61,0.171,0.171,1011.79,82.7,9.49,207.7,0.0,UK_Average,forecast
2026-10-07 06:00:00,10.93,85.0,8.4,9.0,0.26,0.26,1011.63,90.4,10.64,229.0,0.0,UK_Average,forecast
2026-10-07 07:00:00,10.58,85.3,8.09,8.42,0.3,0.3,1011.45,87.6,11.73,261.5,0.0,UK_Average,forecast
2026-10-07 08:00:00,10.16,85.6,7.79,7.73,0.28,0.28,1012.79,82.9,13.07,276.1,4.8,UK_Average,forecast
2026-10-07 09:00:00,10.28,83.5,7.54,7.66,0.28,0.28,1012.91,71.5,13.72,276.5,49.1,UK_Average,forecast
2026-10-07 10:00:00,10.51,80.6,7.26,7.76,0.28,0.28,1012.99,64.2,14.44,277.0,116.7,UK_Average,forecast
2026-10-07 11:00:00,11.03,75.8,6.85,8.04,0.04,0.04,1012.94,63.8,15.27,277.4,177.1,UK_Average,forecast
2026-10-07 12:00:00,11.67,69.7,6.23,8.39,0.04,0.04,1012.81,66.5,16.12,277.9,237.5,UK_Average,forecast
2026-10-07 13:00:00,12.12,65.1,5.6,8.62,0.04,0.04,1012.67,67.9,16.78,314.3,283.5,UK_Average,forecast
2026-10-07 14:00:00,12.28,62.9,5.22,8.6,0.13,0.13,1012.45,67.0,17.46,313.1,304.3,UK_Average,forecast
2026-10-07 15:00:00,12.27,61.9,4.97,8.45,0.13,0.13,1012.18,64.7,17.91,311.8,277.3,UK_Average,forecast
2026-10-07 16:00:00,12.09,61.7,4.76,8.22,0.13,0.13,1012.03,60.5,18.08,310.6,252.1,UK_Average,forecast
2026-10-07 17:00:00,11.77,62.1,4.57,7.88,0.04,0.04,1012.06,52.1,17.85,309.1,186.8,UK_Average,forecast
2026-10-07 18:00:00,11.3,63.4,4.48,7.45,0.04,0.04,1012.24,42.0,17.36,307.9,78.0,UK_Average,forecast
2026-10-07 19:00:00,10.8,65.0,4.38,7.0,0.04,0.04,1012.43,33.6,16.79,306.4,7.0,UK_Average,forecast
2026-10-07 20:00:00,10.25,67.7,4.46,6.52,0.01,0.01,1012.64,27.0,16.32,303.1,0.0,UK_Average,forecast
2026-10-07 21:00:00,9.66,71.0,4.59,6.05,0.01,0.01,1012.88,20.3,15.83,299.5,0.0,UK_Average,forecast
2026-10-07 22:00:00,9.15,73.6,4.63,5.62,0.01,0.01,1013.08,14.9,15.52,296.2,0.0,UK_Average,forecast
2026-10-07 23:00:00,8.8,75.4,4.64,5.29,0.0,0.0,1013.2,11.7,15.23,297.9,0.0,UK_Average,forecast
2026-10-08 00:00:00,8.5,76.7,4.6,4.99,0.0,0.0,1013.33,8.3,15.23,299.6,0.0,UK_Average,forecast
2026-10-08 01:00:00,8.24,77.7,4.53,4.73,0.0,0.0,1013.44,5.8,15.19,301.3,0.0,UK_Average,forecast
2026-10-08 02:00:00,8.02,78.5,4.45,4.47,0.01,0.01,1013.54,7.0,15.27,299.6,0.0,UK_Average,forecast
2026-10-08 03:00:00,7.82,79.0,4.36,4.24,0.01,0.01,1013.69,8.4,15.33,298.0,0.0,UK_Average,forecast
2026-10-08 04:00:00,7.64,79.4,4.26,4.02,0.01,0.01,1013.9,9.6,15.4,296.3,0.0,UK_Average,forecast
2026-10-08 05:00:00,7.35,80.3,4.11,3.74,0.0,0.0,1014.17,13.9,15.38,295.3,0.0,UK_Average,forecast
2026-10-08 06:00:00,7.11,81.2,4.04,3.47,0.0,0.0,1014.45,19.4,15.41,294.6,0.0,UK_Average,forecast
2026-10-08 07:00:00,7.12,81.1,4.02,3.46,0.0,0.0,1014.83,23.8,15.36,293.6,0.0,UK_Average,forecast
2026-10-08 08:00:00,7.56,79.5,4.17,3.96,0.0,0.0,1015.31,26.1,15.3,294.1,11.0,UK_Average,forecast
2026-10-08 09:00:00,8.27,76.8,4.34,4.68,0.0,0.0,1015.85,28.6,15.42,294.7,108.7,UK_Average,forecast
2026-10-08 10:00:00,9.09,73.2,4.44,5.52,0.0,0.0,1016.28,31.1,15.4,295.2,239.8,UK_Average,forecast
2026-10-08 11:00:00,10.05,67.6,4.24,6.43,0.0,0.0,1016.57,33.8,15.45,302.5,355.3,UK_Average,forecast
2026-10-08 12:00:00,11.11,61.0,3.76,7.39,0.0,0.0,1016.8,37.1,15.43,310.0,435.4,UK_Average,forecast
2026-10-08 13:00:00,11.94,55.6,3.19,8.17,0.0,0.0,1016.9,42.2,15.2,281.3,431.4,UK_Average,forecast
2026-10-08 14:00:00,12.49,51.9,2.7,8.7,0.01,0.01,1016.89,54.4,14.65,279.0,410.6,UK_Average,forecast
2026-10-08 15:00:00,12.84,50.0,2.5,9.15,0.01,0.01,1016.85,70.4,13.75,276.9,360.2,UK_Average,forecast
2026-10-08 16:00:00,12.86,49.2,2.26,9.26,0.01,0.01,1016.75,79.8,12.81,274.6,283.6,UK_Average,forecast
2026-10-08 17:00:00,12.39,50.5,2.26,8.93,0.0,0.0,1016.66,73.5,11.81,267.8,184.3,UK_Average,forecast
2026-10-08 18:00:00,11.62,53.5,2.33,8.33,0.0,0.0,1016.57,62.1,10.75,260.6,73.0,UK_Average,forecast
2026-10-08 19:00:00,10.95,56.5,2.51,7.83,0.0,0.0,1016.4,54.8,9.8,253.8,2.6,UK_Average,forecast
2026-10-08 20:00:00,10.53,59.3,2.78,7.57,0.0,0.0,1016.12,58.6,8.87,239.8,0.0,UK_Average,forecast
2026-10-08 21:00:00,10.19,62.0,3.08,7.47,0.0,0.0,1015.76,67.9,7.9,225.5,0.0,UK_Average,forecast
2026-10-08 22:00:00,9.91,65.0,3.49,7.34,0.0,0.0,1015.23,76.9,7.56,211.5,0.0,UK_Average,forecast
2026-10-08 23:00:00,9.66,67.6,3.81,7.06,0.04,0.04,1014.52,83.5,8.03,197.3,0.0,UK_Average,forecast
2026-10-09 00:00:00,9.5,70.5,4.23,6.85,0.04,0.04,1013.67,92.1,9.0,183.1,0.0,UK_Average,forecast
2026-10-09 01:00:00,9.41,73.5,4.77,6.7,0.04,0.04,1012.66,98.6,10.09,168.9,0.0,UK_Average,forecast
2026-10-09 02:00:00,9.51,76.5,5.43,6.78,0.62,0.62,1011.42,98.9,11.31,165.9,0.0,UK_Average,forecast
2026-10-09 03:00:00,9.68,79.3,6.11,6.91,0.62,0.62,1010.01,99.5,12.7,162.8,0.0,UK_Average,forecast
2026-10-09 04:00:00,9.85,82.2,6.85,7.15,0.62,0.62,1008.71,100.0,13.57,159.8,0.0,UK_Average,forecast
2026-10-09 05:00:00,9.97,85.5,7.59,7.39,0.92,0.92,1007.49,99.9,13.85,165.3,0.0,UK_Average,forecast
2026-10-09 06:00:00,10.1,89.0,8.35,7.75,0.92,0.92,1006.34,99.8,13.66,170.1,0.0,UK_Average,forecast
2026-10-09 07:00:00,10.33,91.2,8.95,8.16,0.92,0.92,1005.48,99.7,13.58,175.6,0.0,UK_Average,forecast
2026-10-09 08:00:00,10.75,92.5,9.56,8.81,0.19,0.19,1004.95,96.0,13.14,196.6,2.2,UK_Average,forecast
2026-10-09 09:00:00,11.27,93.3,10.21,9.56,0.19,0.19,1004.71,91.0,12.71,217.1,42.3,UK_Average,forecast
2026-10-09 10:00:00,11.91,92.1,10.66,10.26,0.19,0.19,1004.61,88.1,13.14,238.1,103.9,UK_Average,forecast
2026-10-09 11:00:00,12.83,88.7,10.97,10.97,0.05,0.05,1004.67,83.3,15.19,248.2,174.4,UK_Average,forecast
2026-10-09 12:00:00,13.86,83.6,11.11,11.66,0.05,0.05,1004.88,78.2,18.0,258.3,216.4,UK_Average,forecast
2026-10-09 13:00:00,14.61,79.4,11.05,12.07,0.05,0.05,1005.09,73.8,20.14,268.4,233.3,UK_Average,forecast
2026-10-09 14:00:00,14.87,76.0,10.66,12.14,0.02,0.02,1005.26,70.0,20.78,270.7,236.2,UK_Average,forecast
2026-10-09 15:00:00,14.85,73.5,10.14,11.96,0.02,0.02,1005.43,66.5,20.73,273.2,217.7,UK_Average,forecast
2026-10-09 16:00:00,14.64,72.2,9.68,11.71,0.02,0.02,1005.55,65.5,20.16,275.5,177.9,UK_Average,forecast
2026-10-09 17:00:00,14.19,73.4,9.48,11.36,0.02,0.02,1005.69,67.3,19.09,273.4,122.2,UK_Average,forecast
2026-10-09 18:00:00,13.55,76.0,9.37,10.91,0.02,0.02,1005.81,71.2,17.49,271.3,47.5,UK_Average,forecast
2026-10-09 19:00:00,13.0,78.4,9.3,10.55,0.02,0.02,1005.9,75.6,16.22,269.2,1.2,UK_Average,forecast
2026-10-09 20:00:00,12.71,79.8,9.25,10.37,0.01,0.01,1005.94,81.5,15.28,265.7,0.0,UK_Average,forecast
2026-10-09 21:00:00,12.5,80.7,9.26,10.26,0.01,0.01,1005.91,87.7,14.63,262.2,0.0,UK_Average,forecast
2026-10-09 22:00:00,12.3,81.7,9.25,10.14,0.01,0.01,1005.85,90.4,14.07,258.7,0.0,UK_Average,forecast
2026-10-09 23:00:00,12.08,82.9,9.23,9.95,0.01,0.01,1005.7,86.0,13.74,260.5,0.0,UK_Average,forecast
2026-10-10 00:00:00,11.87,84.3,9.27,9.77,0.01,0.01,1005.52,78.7,13.59,262.4,0.0,UK_Average,forecast
2026-10-10 01:00:00,11.62,85.2,9.18,9.51,0.01,0.01,1005.34,74.0,13.44,228.2,0.0,UK_Average,forecast
2026-10-10 02:00:00,11.34,85.7,9.0,9.21,0.04,0.04,1005.21,73.6,13.15,234.0,0.0,UK_Average,forecast
2026-10-10 03:00:00,11.0,85.4,8.66,8.83,0.04,0.04,1005.1,75.2,12.8,240.0,0.0,UK_Average,forecast
2026-10-10 04:00:00,10.74,85.3,8.37,8.49,0.04,0.04,1005.01,75.6,12.67,209.8,0.0,UK_Average,forecast
2026-10-10 05:00:00,10.52,85.0,8.1,8.13,0.05,0.05,1004.97,71.1,13.03,275.9,0.0,UK_Average,forecast
2026-10-10 06:00:00,10.33,84.6,7.86,7.82,0.05,0.05,1004.98,65.5,13.52,269.9,0.0,UK_Average,forecast
2026-10-10 07:00:00,10.26,83.8,7.64,7.58,0.05,0.05,1005.12,61.9,14.32,264.0,0.0,UK_Average,forecast
2026-10-10 08:00:00,10.36,82.9,7.57,7.54,0.05,0.05,1005.46,59.5,14.97,265.4,5.1,UK_Average,forecast
2026-10-10 09:00:00,10.55,81.8,7.56,7.64,0.05,0.05,1005.98,57.9,15.73,266.9,91.2,UK_Average,forecast
2026-10-10 10:00:00,10.93,79.5,7.49,7.84,0.05,0.05,1006.47,56.2,16.78,268.3,211.6,UK_Average,forecast
2026-10-10 11:00:00,12.13,70.0,6.8,8.4,0.06,0.06,1006.8,52.4,20.02,272.7,314.6,UK_Average,forecast
2026-10-10 12:00:00,12.59,66.6,6.49,8.59,0.06,0.06,1007.33,49.1,21.35,277.6,375.0,UK_Average,forecast
2026-10-10 13:00:00,12.87,64.4,6.24,8.69,0.06,0.06,1007.89,44.9,22.11,282.0,393.8,UK_Average,forecast
2026-10-10 14:00:00,12.89,63.3,6.02,8.67,0.02,0.02,1008.47,39.0,22.33,281.9,356.8,UK_Average,forecast
2026-10-10 15:00:00,12.8,62.8,5.81,8.55,0.02,0.02,1009.04,31.2,22.04,281.7,316.6,UK_Average,forecast
2026-10-10 16:00:00,12.58,62.9,5.63,8.36,0.02,0.02,1009.64,22.9,21.53,281.7,253.1,UK_Average,forecast
2026-10-10 17:00:00,12.32,63.5,5.51,8.18,0.02,0.02,1010.27,15.1,20.77,281.4,171.7,UK_Average,forecast
2026-10-10 18:00:00,11.99,64.4,5.41,7.95,0.02,0.02,1010.92,9.3,20.05,281.4,64.4,UK_Average,forecast
2026-10-10 19:00:00,11.68,65.6,5.4,7.74,0.02,0.02,1011.5,6.4,19.32,281.1,1.3,UK_Average,forecast
2026-10-10 20:00:00,11.34,67.1,5.41,7.5,0.0,0.0,1012.1,8.0,18.62,278.8,0.0,UK_Average,forecast
2026-10-10 21:00:00,10.95,69.6,5.54,7.23,0.0,0.0,1012.74,11.7,17.86,276.5,0.0,UK_Average,forecast
2026-10-10 22:00:00,10.47,72.2,5.64,6.94,0.0,0.0,1013.38,16.7,16.92,274.3,0.0,UK_Average,forecast
2026-10-10 23:00:00,10.03,75.0,5.77,6.63,0.0,0.0,1013.96,22.7,16.05,271.9,0.0,UK_Average,forecast
2026-10-11 00:00:00,9.63,77.3,5.83,6.38,0.0,0.0,1014.5,28.8,15.15,269.7,0.0,UK_Average,forecast
2026-10-11 01:00:00,9.32,79.5,5.92,6.17,0.0,0.0,1014.98,33.7,14.51,267.3,0.0,UK_Average,forecast
2026-10-11 02:00:00,9.01,81.4,5.96,5.99,0.0,0.0,1015.35,39.9,13.86,265.1,0.0,UK_Average,forecast
2026-10-11 03:00:00,8.7,83.5,6.05,5.79,0.0,0.0,1015.64,47.3,13.29,262.7,0.0,UK_Average,forecast
2026-10-11 04:00:00,8.45,85.3,6.09,5.61,0.0,0.0,1015.87,55.0,12.73,260.7,0.0,UK_Average,forecast
2026-10-11 05:00:00,8.26,86.6,6.16,5.54,0.0,0.0,1016.05,62.4,12.23,258.2,0.0,UK_Average,forecast
2026-10-11 06:00:00,8.26,87.1,6.24,5.57,0.0,0.0,1016.26,67.9,12.03,255.9,0.0,UK_Average,forecast
2026-10-11 07:00:00,8.49,86.5,6.34,5.83,0.0,0.0,1016.48,71.5,11.92,253.6,0.0,UK_Average,forecast
2026-10-11 08:00:00,9.01,84.2,6.47,6.36,0.0,0.0,1016.75,72.4,12.18,251.1,1.9,UK_Average,forecast
2026-10-11 09:00:00,9.84,80.4,6.64,7.13,0.0,0.0,1017.01,72.1,12.77,248.5,37.9,UK_Average,forecast
2026-10-11 10:00:00,10.84,75.9,6.75,8.07,0.0,0.0,1017.26,71.0,13.47,246.4,90.4,UK_Average,forecast
2026-10-11 11:00:00,11.85,74.4,7.38,8.99,0.129,0.099,1013.8,77.1,15.15,227.5,129.1,UK_Average,forecast
2026-10-11 12:00:00,12.61,75.4,8.2,9.71,0.255,0.195,1009.67,83.9,17.05,209.1,149.6,UK_Average,forecast
2026-10-11 13:00:00,13.13,78.5,9.27,10.23,0.383,0.293,1004.85,91.5,18.97,193.3,150.7,UK_Average,forecast
2026-10-11 14:00:00,13.54,83.9,10.73,10.72,0.63,0.51,999.23,99.2,21.13,183.1,104.6,UK_Average,forecast
2026-10-11 15:00:00,14.02,84.9,11.39,11.18,0.63,0.51,997.72,99.0,22.38,190.1,88.5,UK_Average,forecast
2026-10-11 16:00:00,14.47,86.0,12.08,11.61,0.63,0.51,996.16,98.5,23.99,197.5,66.8,UK_Average,forecast
2026-10-11 17:00:00,14.84,87.2,12.69,11.93,0.63,0.51,994.7,97.7,25.67,204.1,41.4,UK_Average,forecast
2026-10-11 18:00:00,15.11,88.3,13.14,12.12,0.63,0.51,993.53,97.1,27.13,209.4,14.1,UK_Average,forecast
2026-10-11 19:00:00,15.2,88.7,13.37,12.22,0.63,0.51,992.83,96.5,27.85,213.8,0.0,UK_Average,forecast
2026-10-11 20:00:00,15.14,88.8,13.32,12.17,0.18,0.16,992.66,94.0,27.59,218.6,0.0,UK_Average,forecast
2026-10-11 21:00:00,14.91,88.4,13.01,11.95,0.18,0.16,992.96,90.3,26.76,224.3,0.0,UK_Average,forecast
2026-10-11 22:00:00,14.58,87.9,12.55,11.62,0.18,0.16,993.51,86.1,25.88,231.0,0.0,UK_Average,forecast
2026-10-11 23:00:00,14.16,87.1,12.04,11.16,0.18,0.16,994.24,82.3,25.29,237.9,0.0,UK_Average,forecast
2026-10-12 00:00:00,13.74,86.4,11.51,10.62,0.18,0.16,994.96,79.0,25.02,243.8,0.0,UK_Average,forecast
2026-10-12 01:00:00,13.36,85.8,11.05,10.13,0.18,0.16,995.55,77.3,25.01,247.5,0.0,UK_Average,forecast
2026-10-12 02:00:00,12.98,85.9,10.63,9.64,0.1,0.07,996.05,77.1,24.75,249.4,0.0,UK_Average,forecast
2026-10-12 03:00:00,12.49,86.1,10.18,9.1,0.1,0.07,996.54,78.4,24.11,250.3,0.0,UK_Average,forecast
2026-10-12 04:00:00,12.0,86.4,9.74,8.59,0.1,0.07,997.06,80.2,23.28,250.0,0.0,UK_Average,forecast
2026-10-12 05:00:00,11.59,86.2,9.33,8.16,0.1,0.07,997.62,82.2,22.54,249.7,0.0,UK_Average,forecast
