config_id,fold,params_json,mae,rmse,mape,r2
xgb_config_01,aug_2025,"{""colsample_bytree"": 0.8, ""learning_rate"": 0.08, ""max_depth"": 6, ""min_child_weight"": 1, ""n_estimators"": 400, ""reg_lambda"": 2, ""subsample"": 1.0}",684.1494843644994,927.5985541531807,3.185742422967177,0.9141423887212009
xgb_config_01,nov_2025,"{""colsample_bytree"": 0.8, ""learning_rate"": 0.08, ""max_depth"": 6, ""min_child_weight"": 1, ""n_estimators"": 400, ""reg_lambda"": 2, ""subsample"": 1.0}",935.0687693142361,1217.3181096522865,3.1685280396852487,0.9589295171358354
xgb_config_01,feb_2026,"{""colsample_bytree"": 0.8, ""learning_rate"": 0.08, ""max_depth"": 6, ""min_child_weight"": 1, ""n_estimators"": 400, ""reg_lambda"": 2, ""subsample"": 1.0}",947.871593656994,1295.1996837672311,3.0841852724027357,0.9475392780731611
xgb_config_01,may_2026,"{""colsample_bytree"": 0.8, ""learning_rate"": 0.08, ""max_depth"": 6, ""min_child_weight"": 1, ""n_estimators"": 400, ""reg_lambda"": 2, ""subsample"": 1.0}",772.1588263398856,1006.0944902594173,3.5170171061781677,0.9070052536786991
xgb_config_02,aug_2025,"{""colsample_bytree"": 0.8, ""learning_rate"": 0.08, ""max_depth"": 4, ""min_child_weight"": 5, ""n_estimators"": 200, ""reg_lambda"": 1, ""subsample"": 0.8}",793.553903624832,1131.7012952052355,3.707146648159692,0.8722025167562122
xgb_config_02,nov_2025,"{""colsample_bytree"": 0.8, ""learning_rate"": 0.08, ""max_depth"": 4, ""min_child_weight"": 5, ""n_estimators"": 200, ""reg_lambda"": 1, ""subsample"": 0.8}",1067.5284827473959,1361.5447162050878,3.600423706803761,0.9486210220031911
xgb_config_02,feb_2026,"{""colsample_bytree"": 0.8, ""learning_rate"": 0.08, ""max_depth"": 4, ""min_child_weight"": 5, ""n_estimators"": 200, ""reg_lambda"": 1, ""subsample"": 0.8}",1142.979489281064,1559.2893015856796,3.7313503868002065,0.9239648859570255
xgb_config_02,may_2026,"{""colsample_bytree"": 0.8, ""learning_rate"": 0.08, ""max_depth"": 4, ""min_child_weight"": 5, ""n_estimators"": 200, ""reg_lambda"": 1, ""subsample"": 0.8}",913.7932016549058,1188.7655869956764,4.158253698651519,0.8701705188196984
xgb_config_03,aug_2025,"{""colsample_bytree"": 0.8, ""learning_rate"": 0.03, ""max_depth"": 6, ""min_child_weight"": 1, ""n_estimators"": 200, ""reg_lambda"": 2, ""subsample"": 1.0}",850.414306955645,1196.3491115029105,4.003236014752099,0.8571847652332987
xgb_config_03,nov_2025,"{""colsample_bytree"": 0.8, ""learning_rate"": 0.03, ""max_depth"": 6, ""min_child_weight"": 1, ""n_estimators"": 200, ""reg_lambda"": 2, ""subsample"": 1.0}",1080.1517113715277,1392.5625784573149,3.6385093612727246,0.9462533891286352
xgb_config_03,feb_2026,"{""colsample_bytree"": 0.8, ""learning_rate"": 0.03, ""max_depth"": 6, ""min_child_weight"": 1, ""n_estimators"": 200, ""reg_lambda"": 2, ""subsample"": 1.0}",1216.0971127464659,1670.51638175208,3.9858134772526568,0.9127305415331579
xgb_config_03,may_2026,"{""colsample_bytree"": 0.8, ""learning_rate"": 0.03, ""max_depth"": 6, ""min_child_weight"": 1, ""n_estimators"": 200, ""reg_lambda"": 2, ""subsample"": 1.0}",923.5553422169019,1187.8925056093508,4.200430431602167,0.8703611536756071
xgb_config_04,aug_2025,"{""colsample_bytree"": 0.8, ""learning_rate"": 0.03, ""max_depth"": 6, ""min_child_weight"": 5, ""n_estimators"": 400, ""reg_lambda"": 2, ""subsample"": 1.0}",756.4484703671034,1058.941006629719,3.538136107247932,0.8881071829266867
xgb_config_04,nov_2025,"{""colsample_bytree"": 0.8, ""learning_rate"": 0.03, ""max_depth"": 6, ""min_child_weight"": 5, ""n_estimators"": 400, ""reg_lambda"": 2, ""subsample"": 1.0}",973.6641896701389,1270.0822587740563,3.3014363074693027,0.9552919897103908
xgb_config_04,feb_2026,"{""colsample_bytree"": 0.8, ""learning_rate"": 0.03, ""max_depth"": 6, ""min_child_weight"": 5, ""n_estimators"": 400, ""reg_lambda"": 2, ""subsample"": 1.0}",1066.0337698800224,1463.903960285027,3.477376778524064,0.9329828469465957
xgb_config_04,may_2026,"{""colsample_bytree"": 0.8, ""learning_rate"": 0.03, ""max_depth"": 6, ""min_child_weight"": 5, ""n_estimators"": 400, ""reg_lambda"": 2, ""subsample"": 1.0}",824.9015430737567,1072.713247431951,3.7483085532755887,0.8942821893285101
xgb_config_05,aug_2025,"{""colsample_bytree"": 1.0, ""learning_rate"": 0.08, ""max_depth"": 4, ""min_child_weight"": 1, ""n_estimators"": 200, ""reg_lambda"": 2, ""subsample"": 0.8}",845.0083063991093,1180.9766906756545,3.9712951102464817,0.860831377968191
xgb_config_05,nov_2025,"{""colsample_bytree"": 1.0, ""learning_rate"": 0.08, ""max_depth"": 4, ""min_child_weight"": 1, ""n_estimators"": 200, ""reg_lambda"": 2, ""subsample"": 0.8}",1081.7770538194445,1383.0119507174722,3.674010617784402,0.9469880830626014
xgb_config_05,feb_2026,"{""colsample_bytree"": 1.0, ""learning_rate"": 0.08, ""max_depth"": 4, ""min_child_weight"": 1, ""n_estimators"": 200, ""reg_lambda"": 2, ""subsample"": 0.8}",1153.6724301292784,1571.6319170478605,3.7753831503053172,0.9227564040801854
xgb_config_05,may_2026,"{""colsample_bytree"": 1.0, ""learning_rate"": 0.08, ""max_depth"": 4, ""min_child_weight"": 1, ""n_estimators"": 200, ""reg_lambda"": 2, ""subsample"": 0.8}",946.5109913684474,1239.6632636523611,4.3264092259962545,0.8588150723334451
xgb_config_06,aug_2025,"{""colsample_bytree"": 0.8, ""learning_rate"": 0.08, ""max_depth"": 6, ""min_child_weight"": 5, ""n_estimators"": 200, ""reg_lambda"": 1, ""subsample"": 0.8}",709.3458637852821,982.9873880073696,3.3031039247512677,0.9035827885352925
xgb_config_06,nov_2025,"{""colsample_bytree"": 0.8, ""learning_rate"": 0.08, ""max_depth"": 6, ""min_child_weight"": 5, ""n_estimators"": 200, ""reg_lambda"": 1, ""subsample"": 0.8}",952.1579505208333,1235.9181452843598,3.2327903147672252,0.9576648541917895
xgb_config_06,feb_2026,"{""colsample_bytree"": 0.8, ""learning_rate"": 0.08, ""max_depth"": 6, ""min_child_weight"": 5, ""n_estimators"": 200, ""reg_lambda"": 1, ""subsample"": 0.8}",1015.214372907366,1382.6261030749122,3.293819753036068,0.9402180183428256
xgb_config_06,may_2026,"{""colsample_bytree"": 0.8, ""learning_rate"": 0.08, ""max_depth"": 6, ""min_child_weight"": 5, ""n_estimators"": 200, ""reg_lambda"": 1, ""subsample"": 0.8}",800.6871530577956,1038.367309139102,3.6219717198559036,0.9009435210911624
xgb_config_07,aug_2025,"{""colsample_bytree"": 1.0, ""learning_rate"": 0.03, ""max_depth"": 4, ""min_child_weight"": 1, ""n_estimators"": 400, ""reg_lambda"": 1, ""subsample"": 1.0}",877.7004653897849,1233.2895545173255,4.123031715806444,0.8482290048490915
xgb_config_07,nov_2025,"{""colsample_bytree"": 1.0, ""learning_rate"": 0.03, ""max_depth"": 4, ""min_child_weight"": 1, ""n_estimators"": 400, ""reg_lambda"": 1, ""subsample"": 1.0}",1119.3636769748264,1418.5586495647592,3.787416210396053,0.9442279978574889
xgb_config_07,feb_2026,"{""colsample_bytree"": 1.0, ""learning_rate"": 0.03, ""max_depth"": 4, ""min_child_weight"": 1, ""n_estimators"": 400, ""reg_lambda"": 1, ""subsample"": 1.0}",1195.193350655692,1636.272644035347,3.921438876967203,0.9162717252045307
xgb_config_07,may_2026,"{""colsample_bytree"": 1.0, ""learning_rate"": 0.03, ""max_depth"": 4, ""min_child_weight"": 1, ""n_estimators"": 400, ""reg_lambda"": 1, ""subsample"": 1.0}",968.1438274949595,1267.9224312914562,4.424427454784176,0.852304846978595
xgb_config_08,aug_2025,"{""colsample_bytree"": 1.0, ""learning_rate"": 0.08, ""max_depth"": 4, ""min_child_weight"": 5, ""n_estimators"": 200, ""reg_lambda"": 1, ""subsample"": 0.8}",843.5374694430443,1184.521540033247,3.962063925576008,0.8599946600162085
xgb_config_08,nov_2025,"{""colsample_bytree"": 1.0, ""learning_rate"": 0.08, ""max_depth"": 4, ""min_child_weight"": 5, ""n_estimators"": 200, ""reg_lambda"": 1, ""subsample"": 0.8}",1086.0122392578126,1376.0265209696674,3.7003128941590755,0.9475222444959724
xgb_config_08,feb_2026,"{""colsample_bytree"": 1.0, ""learning_rate"": 0.08, ""max_depth"": 4, ""min_child_weight"": 5, ""n_estimators"": 200, ""reg_lambda"": 1, ""subsample"": 0.8}",1153.4669799804688,1581.882398269184,3.7779602696860586,0.9217455234743934
xgb_config_08,may_2026,"{""colsample_bytree"": 1.0, ""learning_rate"": 0.08, ""max_depth"": 4, ""min_child_weight"": 5, ""n_estimators"": 200, ""reg_lambda"": 1, ""subsample"": 0.8}",944.1907202410953,1244.2609735908516,4.319939884316986,0.8577658662818112
