timestamp,pred_XGBoost,demand_mw,pred_Prophet,pred_DNN_LSTM,predicted_demand_mw,model
2026-06-01 00:00:00,21790.236,21075.5,21155.019216971687,21248.80078125,21446.159275272443,Weighted_Ensemble
2026-06-01 01:00:00,20947.654,20682.0,20598.400190697037,20527.361328125,20724.72679592628,Weighted_Ensemble
2026-06-01 02:00:00,20288.635,20003.5,20269.312151774448,19940.75,20186.94265262539,Weighted_Ensemble
2026-06-01 03:00:00,19684.166,19222.5,20031.925024296765,19364.7109375,19703.01015077772,Weighted_Ensemble
2026-06-01 04:00:00,19287.719,18895.0,19928.629793774435,18905.94921875,19379.421232761953,Weighted_Ensemble
2026-06-01 05:00:00,19500.469,18996.5,20365.60324281669,18863.212565104168,19590.692384844646,Weighted_Ensemble
2026-06-01 06:00:00,21479.98,20763.0,21371.89346834486,19353.40457589286,20861.428133669837,Weighted_Ensemble
2026-06-01 07:00:00,23114.426,23156.5,22249.76775027856,20310.63525390625,22077.160886772806,Weighted_Ensemble
2026-06-01 08:00:00,24179.121,24189.0,22817.035611516003,21331.207899305555,22976.977944983202,Weighted_Ensemble
2026-06-01 09:00:00,24256.006,24729.0,22863.38287554162,21724.875,23131.684393909396,Weighted_Ensemble
2026-06-01 10:00:00,24577.67,24279.0,23142.032330240458,21622.565873579544,23323.437484609833,Weighted_Ensemble
2026-06-01 11:00:00,24234.553,24818.5,22772.986269281668,21293.502278645832,22976.22744525109,Weighted_Ensemble
2026-06-01 12:00:00,24892.744,24963.0,23058.848865934917,21084.83713942308,23281.484552216738,Weighted_Ensemble
2026-06-01 13:00:00,24311.34,24940.0,22703.558059001374,21018.4140625,22911.262018498266,Weighted_Ensemble
2026-06-01 14:00:00,24785.59,25241.0,22659.45799818034,21263.620703125,23163.308151042067,Weighted_Ensemble
2026-06-01 15:00:00,24658.408,25562.5,22310.33733351324,22111.452392578125,23236.364637754257,Weighted_Ensemble
2026-06-01 16:00:00,26576.152,27752.5,23388.271234172444,23586.87626378677,24774.49503008314,Weighted_Ensemble
2026-06-01 17:00:00,27082.207,29049.5,25740.341172863493,25476.014105902777,26228.07006231203,Weighted_Ensemble
2026-06-01 18:00:00,28202.117,28798.0,27219.58783101248,26983.30355674342,27564.943416291477,Weighted_Ensemble
2026-06-01 19:00:00,28910.223,28091.5,28028.432085609555,27538.59365234375,28261.916303950766,Weighted_Ensemble
2026-06-01 20:00:00,28626.973,27544.0,27947.174065828684,27089.99758184524,27995.17361797859,Weighted_Ensemble
2026-06-01 21:00:00,28240.785,27010.5,27254.41396889929,25866.71502130682,27284.434119121746,Weighted_Ensemble
2026-06-01 22:00:00,26492.863,25332.5,26097.208502184807,24203.05765964674,25741.083774044746,Weighted_Ensemble
2026-06-01 23:00:00,23516.816,23027.0,23745.37352528344,22551.591064453125,23321.304271819354,Weighted_Ensemble
2026-06-02 00:00:00,22605.205,21930.5,22830.400197557727,21323.311197916668,22321.49413051584,Weighted_Ensemble
2026-06-02 01:00:00,22058.7,21600.0,22136.41716082342,20584.95857747396,21676.898397956866,Weighted_Ensemble
2026-06-02 02:00:00,21162.434,21015.5,21403.45295153441,20105.75862630208,20945.57570976751,Weighted_Ensemble
2026-06-02 03:00:00,20681.744,20508.0,20966.2104501885,19625.764729817707,20478.417678426802,Weighted_Ensemble
2026-06-02 04:00:00,20469.113,19826.5,20415.7263541156,19339.595621744797,20141.80820038607,Weighted_Ensemble
2026-06-02 05:00:00,20275.486,19924.5,20325.807137518517,19752.767252604168,20147.052520584708,Weighted_Ensemble
2026-06-02 06:00:00,22850.758,22074.0,22325.991500579174,21117.87646484375,22212.635210880253,Weighted_Ensemble
2026-06-02 07:00:00,25005.602,25404.5,24696.21891704517,22957.298665364586,24346.788231516814,Weighted_Ensemble
2026-06-02 08:00:00,25880.072,25947.0,25087.263524574824,24354.344075520832,25216.669551176405,Weighted_Ensemble
2026-06-02 09:00:00,26508.754,25329.5,25563.94192110401,24715.154541015625,25724.944805603467,Weighted_Ensemble
2026-06-02 10:00:00,25003.896,24117.5,24582.27698635509,24303.501383463543,24681.648099666214,Weighted_Ensemble
2026-06-02 11:00:00,25221.162,23500.0,24437.089196035988,23621.8935546875,24540.198924027787,Weighted_Ensemble
2026-06-02 12:00:00,24979.96,22445.0,24457.5630776101,23038.80834960937,24285.236030160675,Weighted_Ensemble
2026-06-02 13:00:00,24290.402,21762.0,24609.665630511907,22620.40388997396,23928.74423580958,Weighted_Ensemble
2026-06-02 14:00:00,23478.662,21769.5,24562.191885725893,22528.774495442707,23549.887476533586,Weighted_Ensemble
2026-06-02 15:00:00,23772.84,21552.0,24556.854446210924,23060.94417317708,23817.610565303905,Weighted_Ensemble
2026-06-02 16:00:00,24766.865,23145.0,26754.47557902552,24286.5673828125,25244.9443948932,Weighted_Ensemble
2026-06-02 17:00:00,26182.762,25104.5,28328.397469706146,25968.545328776043,26782.604069372144,Weighted_Ensemble
2026-06-02 18:00:00,27748.414,26218.0,28738.44755938251,27467.110026041668,27974.96717134865,Weighted_Ensemble
2026-06-02 19:00:00,28235.752,26914.5,28728.10015452124,28303.533610026043,28405.582945254875,Weighted_Ensemble
2026-06-02 20:00:00,28173.908,26746.5,27998.668196329403,28174.107259114586,28120.156258459654,Weighted_Ensemble
2026-06-02 21:00:00,27346.441,26728.0,27400.60809809697,27057.45483398437,27283.52599119534,Weighted_Ensemble
2026-06-02 22:00:00,25797.705,25453.0,25664.85522373934,25297.068603515625,25619.10814064782,Weighted_Ensemble
2026-06-02 23:00:00,23585.4,22547.0,23154.433096643632,23467.603434244797,23420.648697795255,Weighted_Ensemble
2026-06-03 00:00:00,22123.635,21384.0,22093.17223578581,22055.8681640625,22095.627943577474,Weighted_Ensemble
2026-06-03 01:00:00,21463.678,21140.0,21437.28181581941,21323.895263671875,21417.096362344597,Weighted_Ensemble
2026-06-03 02:00:00,21063.04,20210.0,20937.64002192369,20979.03011067708,21001.4118134528,Weighted_Ensemble
2026-06-03 03:00:00,20247.697,19704.0,20362.1641006301,20777.268473307293,20428.614255109216,Weighted_Ensemble
2026-06-03 04:00:00,19782.637,19040.0,19808.205533483364,20772.138590494797,20062.859415231673,Weighted_Ensemble
2026-06-03 05:00:00,19974.318,19057.5,20029.767181054467,21266.7392578125,20347.097261336745,Weighted_Ensemble
2026-06-03 06:00:00,21771.559,21126.0,22169.008670814637,22344.590576171875,22051.327668650978,Weighted_Ensemble
2026-06-03 07:00:00,24836.416,24086.0,24919.59992946929,23694.81949869792,24547.71966068418,Weighted_Ensemble
2026-06-03 08:00:00,25712.78,25342.5,25526.473386250236,24591.242431640625,25346.85925945035,Weighted_Ensemble
2026-06-03 09:00:00,25609.03,26299.5,25138.24211847024,24537.877034505207,25169.62951399429,Weighted_Ensemble
2026-06-03 10:00:00,25239.46,26213.0,24425.18101243048,23708.984781901043,24568.158380174522,Weighted_Ensemble
2026-06-03 11:00:00,25527.16,25911.5,23778.356497638437,22685.69661458333,24208.052253913665,Weighted_Ensemble
2026-06-03 12:00:00,24875.488,24563.5,23328.173677407125,21852.6171875,23568.312111896677,Weighted_Ensemble
2026-06-03 13:00:00,23232.002,22902.5,22302.55872660281,21299.789143880207,22414.756793401117,Weighted_Ensemble
2026-06-03 14:00:00,21924.049,21145.0,21404.93443198278,21036.470377604168,21520.340976116113,Weighted_Ensemble
2026-06-03 15:00:00,21043.479,20743.0,21076.73546382329,21175.475667317707,21090.02385032571,Weighted_Ensemble
2026-06-03 16:00:00,21753.484,22189.0,22463.574845863423,22032.11092122396,22048.209455772325,Weighted_Ensemble
2026-06-03 17:00:00,24502.164,23904.5,24815.00986958658,23539.111653645832,24333.130657291244,Weighted_Ensemble
2026-06-03 18:00:00,25746.922,25099.0,26083.996776203712,25197.38785807292,25699.153683387667,Weighted_Ensemble
2026-06-03 19:00:00,26032.836,26383.0,26924.65571543365,26401.547200520832,26408.15721975593,Weighted_Ensemble
2026-06-03 20:00:00,26167.562,26006.5,26822.03119956646,26786.85628255208,26538.981696538853,Weighted_Ensemble
2026-06-03 21:00:00,25902.08,25381.5,26532.914712444985,26189.440104166668,26174.87412733749,Weighted_Ensemble
2026-06-03 22:00:00,24807.246,23538.5,25362.86799224528,24820.796142578125,24981.577055028618,Weighted_Ensemble
2026-06-03 23:00:00,22353.732,21266.0,22499.83915912981,23087.39404296875,22600.54247267779,Weighted_Ensemble
2026-06-04 00:00:00,21045.262,20409.5,21291.93584537903,21670.695149739586,21293.159769550286,Weighted_Ensemble
2026-06-04 01:00:00,20710.953,19849.0,20939.54860967031,20781.216878255207,20800.483191034946,Weighted_Ensemble
2026-06-04 02:00:00,19716.432,19280.5,20049.98315868927,20305.67041015625,19981.04203699282,Weighted_Ensemble
2026-06-04 03:00:00,18901.957,18286.0,19395.89533353436,19961.882975260414,19345.375369284855,Weighted_Ensemble
2026-06-04 04:00:00,18366.18,17751.5,18788.41857717952,19677.57381184896,18856.80270217862,Weighted_Ensemble
2026-06-04 05:00:00,18665.754,17514.575,19088.366451884074,19786.81966145833,19104.101482604794,Weighted_Ensemble
2026-06-04 06:00:00,20610.89,20432.0,21081.55044482977,20583.587158203125,20747.888741182935,Weighted_Ensemble
2026-06-04 07:00:00,23117.482,23099.5,23673.44849337256,21932.304768880207,22961.955312729235,Weighted_Ensemble
2026-06-04 08:00:00,24645.105,23843.5,24850.70651950328,23067.059814453125,24273.85890002621,Weighted_Ensemble
2026-06-04 09:00:00,25917.521,23829.5,25083.522644550747,23333.66536458333,24950.209541799213,Weighted_Ensemble
2026-06-04 10:00:00,25981.889,22822.0,25154.11990746824,22707.382242838543,24826.38053077241,Weighted_Ensemble
2026-06-04 11:00:00,25683.371,21901.0,24737.4620576458,21722.851399739586,24302.75528526625,Weighted_Ensemble
2026-06-04 12:00:00,22798.018,21206.0,23489.74791134361,20832.2626953125,22469.313749207286,Weighted_Ensemble
2026-06-04 13:00:00,22247.828,19623.0,22433.861373140007,20190.08675130208,21738.531721275976,Weighted_Ensemble
2026-06-04 14:00:00,20342.64,18705.0,21097.584754873333,19833.977294921875,20434.427106080573,Weighted_Ensemble
2026-06-04 15:00:00,20307.84,19603.0,21374.630950358176,19986.666178385414,20546.98654652761,Weighted_Ensemble
2026-06-04 16:00:00,22113.174,20867.5,23141.337068087123,20906.134195963543,22096.615212337496,Weighted_Ensemble
2026-06-04 17:00:00,23650.584,23011.5,25015.494540898675,22412.759684244797,23728.948210782073,Weighted_Ensemble
2026-06-04 18:00:00,24679.29,24926.0,25973.545862136467,24119.14599609375,24922.499324118955,Weighted_Ensemble
2026-06-04 19:00:00,26151.93,25965.0,27168.337180610957,25385.205240885414,26252.963409067666,Weighted_Ensemble
2026-06-04 20:00:00,26431.773,25976.0,26798.78010206044,25788.70638020833,26367.449376700875,Weighted_Ensemble
2026-06-04 21:00:00,25672.523,24863.5,26281.310813764863,25222.89607747396,25735.68355699622,Weighted_Ensemble
2026-06-04 22:00:00,23886.979,23477.5,24253.08064008892,23867.839680989586,23994.120536326154,Weighted_Ensemble
2026-06-04 23:00:00,21704.15,21219.5,21865.42138353264,22248.809977213543,21903.59158322293,Weighted_Ensemble
2026-06-05 00:00:00,20502.283,20791.5,20752.368027530945,20894.021321614586,20686.90096384252,Weighted_Ensemble
2026-06-05 01:00:00,19667.678,19855.5,20093.57711237267,20045.410725911457,19902.42368261666,Weighted_Ensemble
2026-06-05 02:00:00,19628.266,19100.5,19513.810657738497,19595.03564453125,19583.975966137303,Weighted_Ensemble
2026-06-05 03:00:00,18510.383,18360.0,18816.57259460233,19237.12190755208,18804.440388384464,Weighted_Ensemble
2026-06-05 04:00:00,18445.604,17695.5,18546.582989827184,18862.74495442708,18591.43199602993,Weighted_Ensemble
2026-06-05 05:00:00,18336.725,17812.0,18559.194605642268,18714.390950520832,18508.990191062698,Weighted_Ensemble
2026-06-05 06:00:00,20747.178,20105.5,21132.959099021704,19124.58121744792,20418.99188544527,Weighted_Ensemble
2026-06-05 07:00:00,22666.502,22724.5,23442.779838288683,20072.00699869792,22190.68996312363,Weighted_Ensemble
2026-06-05 08:00:00,22862.617,22593.0,23930.51224938088,20931.930338541668,22659.065664637557,Weighted_Ensemble
2026-06-05 09:00:00,22358.78,21779.5,23830.670718752743,21034.42333984375,22446.172966297712,Weighted_Ensemble
2026-06-05 10:00:00,21208.023,21188.5,22916.562840855902,20496.406819661457,21536.741886237513,Weighted_Ensemble
2026-06-05 11:00:00,20819.457,20662.5,22235.141931033475,19803.4208984375,20974.461018968803,Weighted_Ensemble
2026-06-05 12:00:00,20502.936,20605.5,21389.26235049966,19292.257486979168,20441.825292513873,Weighted_Ensemble
2026-06-05 13:00:00,20678.209,19885.0,20428.961429743827,18984.974446614586,20135.59634165989,Weighted_Ensemble
2026-06-05 14:00:00,21074.97,19502.0,19844.75946335989,18942.863850911457,20110.352632415474,Weighted_Ensemble
2026-06-05 15:00:00,21245.504,20287.0,20271.648669441747,19399.016682942707,20438.219214169814,Weighted_Ensemble
2026-06-05 16:00:00,21429.383,22215.5,21479.8145182417,20603.22420247396,21217.45804284053,Weighted_Ensemble
2026-06-05 17:00:00,23710.264,24599.5,23219.507549107733,22500.91748046875,23226.692887160323,Weighted_Ensemble
2026-06-05 18:00:00,24706.627,25754.0,25003.469759450498,24472.353678385414,24733.284797252327,Weighted_Ensemble
2026-06-05 19:00:00,25920.018,26711.0,26185.40613012453,25753.00862630208,25955.532972036748,Weighted_Ensemble
2026-06-05 20:00:00,26141.887,25915.5,26359.23234732319,25969.943522135414,26161.29248363952,Weighted_Ensemble
2026-06-05 21:00:00,25471.773,25760.5,25794.964750289822,25119.03759765625,25473.913083344043,Weighted_Ensemble
2026-06-05 22:00:00,24216.078,24019.0,24406.679969906352,23608.944417317707,24107.48096038709,Weighted_Ensemble
2026-06-05 23:00:00,22113.781,21456.5,22120.72650301694,21925.17122395833,22063.996571542473,Weighted_Ensemble
2026-06-06 00:00:00,20961.934,20414.0,21349.00610319783,20623.75472005208,20987.694997451646,Weighted_Ensemble
2026-06-06 01:00:00,20113.883,19475.5,20494.327429174013,19878.202555338543,20165.82298536243,Weighted_Ensemble
2026-06-06 02:00:00,19207.17,18837.5,19425.17489914666,19476.4306640625,19348.224519102,Weighted_Ensemble
2026-06-06 03:00:00,18075.96,18001.0,18348.13567006676,19090.52587890625,18438.801256385002,Weighted_Ensemble
2026-06-06 04:00:00,17556.705,17514.575,17543.288186126243,18780.388102213543,17889.418299518893,Weighted_Ensemble
2026-06-06 05:00:00,17294.502,17514.575,17310.122077337997,18957.959309895832,17757.183862944607,Weighted_Ensemble
2026-06-06 06:00:00,17949.879,17631.5,18473.710564137797,19881.957275390625,18642.545919105105,Weighted_Ensemble
2026-06-06 07:00:00,19173.686,19255.5,20026.844653752505,21114.26708984375,19969.811811564745,Weighted_Ensemble
2026-06-06 08:00:00,19734.545,20526.0,19978.092501850315,21833.0615234375,20386.9660094888,Weighted_Ensemble
2026-06-06 09:00:00,20406.055,21065.0,18765.053799154342,21706.982666015625,20260.28832373441,Weighted_Ensemble
2026-06-06 10:00:00,20958.559,21196.5,18400.76622761917,21042.566975911457,20196.324449665117,Weighted_Ensemble
2026-06-06 11:00:00,21437.748,21076.5,18107.81372371444,20301.765543619797,20102.61446810543,Weighted_Ensemble
2026-06-06 12:00:00,20705.719,20657.5,17850.033204147123,19774.893636067707,19572.673174414846,Weighted_Ensemble
2026-06-06 13:00:00,20414.012,20301.0,17417.61452789535,19477.851236979168,19236.292659951654,Weighted_Ensemble
2026-06-06 14:00:00,20162.236,20489.0,17377.171756318676,19560.736002604168,19141.52480411497,Weighted_Ensemble
2026-06-06 15:00:00,19605.428,20989.5,17836.994779886874,20268.320475260414,19244.907361130987,Weighted_Ensemble
2026-06-06 16:00:00,21228.059,22345.5,19792.35861032012,21699.4931640625,20917.001367388562,Weighted_Ensemble
2026-06-06 17:00:00,23012.57,24264.0,22583.25518978984,23598.20556640625,23041.953763953657,Weighted_Ensemble
2026-06-06 18:00:00,24490.89,25301.5,24332.501520824488,25324.59651692708,24671.744856821646,Weighted_Ensemble
2026-06-06 19:00:00,25128.225,25543.0,25302.837248260465,26253.290445963543,25491.52612742064,Weighted_Ensemble
2026-06-06 20:00:00,24664.82,24888.0,25072.827778111317,26113.166015625,25188.77087150316,Weighted_Ensemble
2026-06-06 21:00:00,24456.938,24331.5,24797.57737465989,25065.788899739586,24729.123005386784,Weighted_Ensemble
2026-06-06 22:00:00,23476.596,22988.5,23332.27336700145,23459.03125,23427.44748785427,Weighted_Ensemble
2026-06-06 23:00:00,21251.873,20695.0,21021.78663543846,21817.792805989586,21337.00196779465,Weighted_Ensemble
2026-06-07 00:00:00,19806.324,19596.5,19822.54508586774,20542.386149088543,20013.91419762499,Weighted_Ensemble
2026-06-07 01:00:00,18977.219,18447.0,18809.74163047506,19729.512125651043,19132.873180217735,Weighted_Ensemble
2026-06-07 02:00:00,18126.564,17645.0,17953.635730176196,19178.11848958333,18362.91964403953,Weighted_Ensemble
2026-06-07 03:00:00,17489.379,17514.575,17068.01362956874,18654.026041666668,17680.58318271379,Weighted_Ensemble
2026-06-07 04:00:00,17277.004,17514.575,16378.229933441044,18243.6337890625,17267.115469627548,Weighted_Ensemble
2026-06-07 05:00:00,17102.682,17514.575,16300.975751960355,18304.347574869797,17187.29401253435,Weighted_Ensemble
2026-06-07 06:00:00,17161.168,17514.575,16766.35833645992,19032.657145182293,17555.09242484777,Weighted_Ensemble
2026-06-07 07:00:00,17489.547,17514.575,18011.03291692349,20146.253743489586,18380.956032813214,Weighted_Ensemble
2026-06-07 08:00:00,18350.852,17514.575,18823.04216504617,21034.81795247396,19234.62840625766,Weighted_Ensemble
2026-06-07 09:00:00,19680.59,17514.575,19194.5250785191,21228.90706380208,19957.5380716528,Weighted_Ensemble
2026-06-07 10:00:00,19577.195,17934.0,19312.080312467257,20809.689290364586,19835.05098574241,Weighted_Ensemble
2026-06-07 11:00:00,19474.945,17672.0,19152.691302540246,20211.67903645833,19578.79298952004,Weighted_Ensemble
2026-06-07 12:00:00,19536.684,17797.5,19340.574652322728,19720.462320963543,19527.056611007167,Weighted_Ensemble
2026-06-07 13:00:00,19250.506,17514.575,19370.714039033344,19472.48396809896,19348.517328298338,Weighted_Ensemble
2026-06-07 14:00:00,19190.885,17514.575,19592.850717341087,19575.8134765625,19420.262755080657,Weighted_Ensemble
2026-06-07 15:00:00,19889.764,17947.0,20102.270571648995,20253.982747395832,20055.26858891076,Weighted_Ensemble
2026-06-07 16:00:00,20663.156,20637.0,21195.66802571787,21602.121337890625,21085.122438187263,Weighted_Ensemble
2026-06-07 17:00:00,23351.08,23300.0,23366.86297413708,23439.176513671875,23380.175671217967,Weighted_Ensemble
2026-06-07 18:00:00,24983.195,24684.5,25040.77463304311,25165.660725911457,25051.100359349846,Weighted_Ensemble
2026-06-07 19:00:00,25366.84,25130.0,25678.718874342136,26072.041097005207,25656.71572553779,Weighted_Ensemble
2026-06-07 20:00:00,25451.092,24700.0,25446.001197910067,25877.98763020833,25567.03683258102,Weighted_Ensemble
2026-06-07 21:00:00,24753.807,23731.5,24815.2264820778,24750.26643880208,24771.690994192453,Weighted_Ensemble
2026-06-07 22:00:00,22637.18,22095.5,23366.92578661105,23095.549479166668,22987.416626356877,Weighted_Ensemble
2026-06-07 23:00:00,20666.785,20247.0,21227.964184614622,21468.265625,21059.70930864964,Weighted_Ensemble
2026-06-08 00:00:00,19953.979,19059.5,20417.98141827885,20322.945393880207,20198.01109664174,Weighted_Ensemble
2026-06-08 01:00:00,19351.0,18753.5,19918.864743991293,19669.591715494797,19613.056343878296,Weighted_Ensemble
2026-06-08 02:00:00,18892.047,18270.5,19346.209429830466,19222.2314453125,19122.382594510753,Weighted_Ensemble
2026-06-08 03:00:00,18113.793,17576.0,19341.764696608094,18771.373779296875,18671.842846238287,Weighted_Ensemble
2026-06-08 04:00:00,18044.115,17514.575,19651.00506315988,18480.53295898437,18657.63240432353,Weighted_Ensemble
2026-06-08 05:00:00,18410.594,18120.5,20236.586866445057,18788.833089192707,19075.3715258976,Weighted_Ensemble
2026-06-08 06:00:00,21329.08,21261.5,21851.083615977277,19815.993977864586,21072.864492211374,Weighted_Ensemble
2026-06-08 07:00:00,24265.371,25364.5,24029.50581920766,21145.1123046875,23334.062508464944,Weighted_Ensemble
2026-06-08 08:00:00,25327.045,26933.0,24824.90018550307,22075.97631835937,24277.969594341226,Weighted_Ensemble
2026-06-08 09:00:00,25623.873,27222.5,25578.992929032644,22075.486246744797,24633.358443190125,Weighted_Ensemble
2026-06-08 10:00:00,24630.451,25993.5,25708.39430077494,21591.945231119797,24125.044901223966,Weighted_Ensemble
2026-06-08 11:00:00,24208.5,24923.0,25384.667859012126,21085.96240234375,23710.12257903147,Weighted_Ensemble
2026-06-08 12:00:00,21813.43,23546.5,25131.395976930085,20812.957763671875,22556.80495198918,Weighted_Ensemble
2026-06-08 13:00:00,20759.97,22065.5,24714.122482271207,20700.826578776043,21957.794745030267,Weighted_Ensemble
2026-06-08 14:00:00,20443.582,20773.0,24334.219199832427,20918.222737630207,21768.834903850115,Weighted_Ensemble
2026-06-08 15:00:00,21476.414,20001.0,24296.775712658808,21778.567789713543,22425.564631896537,Weighted_Ensemble
2026-06-08 16:00:00,24068.754,20644.0,26096.817191082384,23364.389892578125,24497.577303798207,Weighted_Ensemble
2026-06-08 17:00:00,25635.482,22958.5,27779.793635326416,25252.225260416668,26188.387365728133,Weighted_Ensemble
2026-06-08 18:00:00,26293.602,24556.5,28454.94755507804,26740.84138997396,27080.341181395994,Weighted_Ensemble
2026-06-08 19:00:00,26996.844,26176.5,28076.713923918407,27375.453776041668,27432.629883529204,Weighted_Ensemble
2026-06-08 20:00:00,27262.527,26175.5,27538.69893276783,27053.17513020833,27289.69783004657,Weighted_Ensemble
2026-06-08 21:00:00,26729.172,26219.5,26804.29265316789,25815.828287760414,26500.829077955364,Weighted_Ensemble
2026-06-08 22:00:00,24209.992,24439.5,25054.72245055081,24052.760498046875,24426.082885648415,Weighted_Ensemble
2026-06-08 23:00:00,22819.336,21687.0,22902.206564908745,22288.854736328125,22698.75995315761,Weighted_Ensemble
2026-06-09 00:00:00,20991.465,21128.0,21728.661151477263,21001.37972005208,21220.546888256624,Weighted_Ensemble
2026-06-09 01:00:00,20396.266,20617.0,21456.04677959785,20333.240152994797,20704.318309332666,Weighted_Ensemble
2026-06-09 02:00:00,20091.756,19755.5,20854.4458093312,19936.68668619792,20283.251844655846,Weighted_Ensemble
2026-06-09 03:00:00,19572.045,19060.5,20226.5863102052,19572.482421875,19773.139357206088,Weighted_Ensemble
2026-06-09 04:00:00,19206.61,18562.5,20020.26678150664,19413.039794921875,19513.261817577943,Weighted_Ensemble
2026-06-09 05:00:00,19504.361,18830.5,20415.79595693968,19844.112060546875,19877.733378860623,Weighted_Ensemble
2026-06-09 06:00:00,22092.613,21186.5,22971.694119963544,21009.086588541668,22064.277758053828,Weighted_Ensemble
2026-06-09 07:00:00,25500.537,23217.0,26305.822490738738,22567.79296875,24940.524689373353,Weighted_Ensemble
2026-06-09 08:00:00,26488.248,22746.0,27269.437743540544,23673.204345703125,25953.23558382078,Weighted_Ensemble
2026-06-09 09:00:00,24594.277,22111.5,27123.750391564947,23729.14794921875,25132.803637478835,Weighted_Ensemble
2026-06-09 10:00:00,23498.928,20488.5,25748.997699973905,22847.252360026043,24010.42050690535,Weighted_Ensemble
2026-06-09 11:00:00,22358.295,19337.0,24967.19160790049,21653.902180989586,22965.45267677815,Weighted_Ensemble
2026-06-09 12:00:00,21949.598,18822.5,24049.37573599784,20610.318033854168,22225.67302597473,Weighted_Ensemble
2026-06-09 13:00:00,20770.236,18361.5,22874.1901952984,19916.076904296875,21181.12849746343,Weighted_Ensemble
2026-06-09 14:00:00,20786.29,17898.5,22591.3041444351,19596.383138020832,21012.975864863496,Weighted_Ensemble
2026-06-09 15:00:00,20216.07,18195.5,21768.69043538612,19783.02514648437,20573.59450435037,Weighted_Ensemble
2026-06-09 16:00:00,21870.854,20269.5,22890.294692040155,20748.34651692708,21874.885541402266,Weighted_Ensemble
2026-06-09 17:00:00,24938.871,23183.5,25400.41265229843,22546.01806640625,24421.924941529298,Weighted_Ensemble
2026-06-09 18:00:00,25689.705,25589.0,26273.23707260797,24602.704345703125,25569.66643311562,Weighted_Ensemble
2026-06-09 19:00:00,27015.55,26462.5,27316.43743161749,26150.056477864586,26869.69906326047,Weighted_Ensemble
2026-06-09 20:00:00,27255.605,25942.5,27290.931782645912,26592.675048828125,27083.972822498596,Weighted_Ensemble
2026-06-09 21:00:00,26900.57,25778.5,27137.41670532686,25844.71614583333,26682.65677313698,Weighted_Ensemble
2026-06-09 22:00:00,25085.46,24351.0,25519.11149500143,24286.39729817708,24998.659517658565,Weighted_Ensemble
2026-06-09 23:00:00,22236.395,22588.0,22716.276575566422,22505.674153645832,22457.862658794547,Weighted_Ensemble
2026-06-10 00:00:00,21450.496,21742.5,21858.99472321717,21142.90950520833,21491.25696087897,Weighted_Ensemble
2026-06-10 01:00:00,20884.916,21249.5,21419.718944832646,20364.0068359375,20905.738579080746,Weighted_Ensemble
2026-06-10 02:00:00,20390.68,20824.0,20762.145063554453,20010.01171875,20399.95333933623,Weighted_Ensemble
2026-06-10 03:00:00,19432.064,19918.5,20122.372638045606,19788.162027994797,19742.040232908177,Weighted_Ensemble
2026-06-10 04:00:00,18971.406,19559.5,19600.87882994704,19610.75862630208,19340.671964395468,Weighted_Ensemble
2026-06-10 05:00:00,19654.273,19289.5,19928.067734807923,19761.01131184896,19767.721386237557,Weighted_Ensemble
2026-06-10 06:00:00,21499.707,21880.5,22229.258873174032,20457.045817057293,21436.708103411234,Weighted_Ensemble
2026-06-10 07:00:00,23641.643,23884.5,24583.46665199736,21526.405029296875,23348.58207627361,Weighted_Ensemble
2026-06-10 08:00:00,24201.977,24575.0,25024.27003002714,22257.54931640625,23919.232238273606,Weighted_Ensemble
2026-06-10 09:00:00,23428.283,23982.0,24936.0579184802,22163.71793619792,23543.152373422356,Weighted_Ensemble
2026-06-10 10:00:00,22670.982,23469.5,23716.26138865969,21394.9794921875,22640.69592251588,Weighted_Ensemble
2026-06-10 11:00:00,21646.889,22138.5,23010.525173296097,20516.965494791668,21754.562863166004,Weighted_Ensemble
2026-06-10 12:00:00,22271.553,21648.5,23014.99741923206,19911.75439453125,21850.262496982796,Weighted_Ensemble
2026-06-10 13:00:00,21085.09,20949.0,22190.533262351106,19575.07185872396,21008.861468946583,Weighted_Ensemble
2026-06-10 14:00:00,19955.316,20733.0,20733.87420799204,19509.66357421875,20071.697815465108,Weighted_Ensemble
2026-06-10 15:00:00,19893.047,20970.0,20511.311936206406,19956.802408854168,20100.431865867104,Weighted_Ensemble
2026-06-10 16:00:00,21319.295,22684.0,22335.1724671176,21191.469075520832,21596.030027741588,Weighted_Ensemble
2026-06-10 17:00:00,23280.602,25131.0,24353.947294408536,23071.1533203125,23552.5146607225,Weighted_Ensemble
2026-06-10 18:00:00,25640.08,26207.0,26347.236627262188,25015.357096354168,25685.247070672238,Weighted_Ensemble
2026-06-10 19:00:00,26665.799,26991.5,27109.63940190704,26246.685384114586,26686.712338677695,Weighted_Ensemble
2026-06-10 20:00:00,26643.154,26970.0,26615.775951980555,26428.221272786457,26575.584984716086,Weighted_Ensemble
2026-06-10 21:00:00,26350.885,26913.0,26354.078283658007,25584.702229817707,26140.96484884798,Weighted_Ensemble
2026-06-10 22:00:00,24800.258,25214.5,24848.1928970602,24108.79858398437,24624.6440231823,Weighted_Ensemble
2026-06-10 23:00:00,22799.814,22971.5,22802.974381353968,22486.240559895832,22714.469678833982,Weighted_Ensemble
2026-06-11 00:00:00,21936.13,22178.0,21959.37602013384,21236.979085286457,21750.818241448957,Weighted_Ensemble
2026-06-11 01:00:00,21183.125,21617.0,21483.39348330056,20509.25830078125,21089.8315086634,Weighted_Ensemble
2026-06-11 02:00:00,20573.787,20788.0,21083.66683759817,20107.619384765625,20602.02529359491,Weighted_Ensemble
2026-06-11 03:00:00,19849.559,20242.5,20255.46765530328,19785.32958984375,19956.511533424033,Weighted_Ensemble
2026-06-11 04:00:00,19524.162,20081.0,19863.588447501825,19605.046549479168,19650.645761121268,Weighted_Ensemble
2026-06-11 05:00:00,19741.943,19649.5,19808.094163634945,19907.022054036457,19807.69432734757,Weighted_Ensemble
2026-06-11 06:00:00,21913.746,21664.0,22476.599193922528,20819.627360026043,21785.398769289495,Weighted_Ensemble
2026-06-11 07:00:00,24124.668,25409.0,24939.703606319865,22049.8603515625,23803.80629172206,Weighted_Ensemble
2026-06-11 08:00:00,25748.488,27321.5,26161.97398977532,22942.443359375,25103.050889861304,Weighted_Ensemble
2026-06-11 09:00:00,25993.645,28396.5,26337.371447507903,22982.436197916668,25270.314738531655,Weighted_Ensemble
2026-06-11 10:00:00,25707.371,28734.0,25899.19644633224,22388.314371744797,24852.661561692894,Weighted_Ensemble
2026-06-11 11:00:00,24958.318,29257.0,25283.222727057477,21719.53645833333,24166.56659593975,Weighted_Ensemble
2026-06-11 12:00:00,24953.045,28818.5,24974.8616273134,21310.53865559896,23957.101861244042,Weighted_Ensemble
2026-06-11 13:00:00,24930.055,27653.0,23781.968564252667,21158.243815104168,23539.305764832017,Weighted_Ensemble
2026-06-11 14:00:00,23591.932,27415.5,23108.151147143664,21295.986735026043,22811.40388993444,Weighted_Ensemble
2026-06-11 15:00:00,24152.055,27446.0,23176.706886520344,21976.431315104168,23253.713284783036,Weighted_Ensemble
2026-06-11 16:00:00,24447.516,28550.0,24411.07715747727,23386.338623046875,24144.22631951519,Weighted_Ensemble
2026-06-11 17:00:00,26586.89,29115.0,26133.78654603607,25271.494384765625,26085.6888343802,Weighted_Ensemble
2026-06-11 18:00:00,27192.594,29110.5,27087.94977374917,26852.67537434896,27066.896945339828,Weighted_Ensemble
2026-06-11 19:00:00,26822.762,28573.0,27334.886273273645,27607.23177083333,27195.94178618718,Weighted_Ensemble
2026-06-11 20:00:00,26720.555,27622.5,26813.279923884154,27348.429117838543,26921.855353404564,Weighted_Ensemble
2026-06-11 21:00:00,25933.97,26426.0,26110.117712757543,26235.0966796875,26070.94394707049,Weighted_Ensemble
2026-06-11 22:00:00,24320.957,24583.5,24314.05995685205,24533.480143229168,24377.338737658923,Weighted_Ensemble
2026-06-11 23:00:00,21703.098,22247.5,21931.17642698104,22764.283121744797,22065.231880824693,Weighted_Ensemble
2026-06-12 00:00:00,20695.629,20480.0,20995.0272435072,21432.1923828125,20990.305434717455,Weighted_Ensemble
2026-06-12 01:00:00,20003.527,19605.5,20321.573023600085,20597.386881510414,20264.64836855556,Weighted_Ensemble
2026-06-12 02:00:00,18747.715,18937.5,19581.0320257086,20041.619791666668,19359.743428076574,Weighted_Ensemble
2026-06-12 03:00:00,18485.248,18537.5,18964.400847753805,19473.22770182292,18904.322512046594,Weighted_Ensemble
2026-06-12 04:00:00,18290.824,18108.0,18629.493376495917,19020.491129557293,18595.66018549924,Weighted_Ensemble
2026-06-12 05:00:00,18200.994,18123.0,18600.36505408716,19204.718017578125,18599.905677087656,Weighted_Ensemble
2026-06-12 06:00:00,20414.58,20560.0,20893.161257150303,20366.473225911457,20548.284268776697,Weighted_Ensemble
2026-06-12 07:00:00,23541.988,23547.0,24223.85023901056,22178.908121744797,23376.14727938476,Weighted_Ensemble
2026-06-12 08:00:00,24811.812,24329.0,25434.495007249538,23657.355631510414,24685.226588226324,Weighted_Ensemble
2026-06-12 09:00:00,25109.508,24429.0,26060.06208451565,24149.32788085937,25137.070696872208,Weighted_Ensemble
2026-06-12 10:00:00,24579.36,23598.0,25855.066442613934,23798.99178059896,24756.25455621225,Weighted_Ensemble
2026-06-12 11:00:00,24193.543,22235.0,25959.03607670712,23077.445638020832,24428.411014804682,Weighted_Ensemble
2026-06-12 12:00:00,23769.809,20848.5,25617.41828822505,22365.863199869797,23950.656827691826,Weighted_Ensemble
2026-06-12 13:00:00,20603.973,19376.5,23979.74244676802,21811.445556640625,21972.85848760211,Weighted_Ensemble
2026-06-12 14:00:00,19328.371,17514.575,23109.68710009524,21571.2685546875,21106.79041462455,Weighted_Ensemble
2026-06-12 15:00:00,19578.85,17514.575,23393.660258409127,21806.348225911457,21363.31480193665,Weighted_Ensemble
2026-06-12 16:00:00,20321.355,17625.0,24461.312291529423,22717.20166015625,22251.994575321434,Weighted_Ensemble
2026-06-12 17:00:00,23070.943,20188.5,25969.266391270085,23998.10717773437,24216.072722922287,Weighted_Ensemble
2026-06-12 18:00:00,23924.357,21874.5,26324.566559025498,25442.48396809896,25079.21243779223,Weighted_Ensemble
2026-06-12 19:00:00,25176.291,24489.0,26473.551095731,26398.067057291668,25910.91678631821,Weighted_Ensemble
2026-06-12 20:00:00,25034.33,24263.5,25886.09651526937,26700.10823567708,25754.385710197414,Weighted_Ensemble
2026-06-12 21:00:00,24745.518,23904.5,25224.092766219044,25996.31526692708,25236.75857736612,Weighted_Ensemble
2026-06-12 22:00:00,22856.873,23245.0,23479.628611127613,24618.253987630207,23532.927705739494,Weighted_Ensemble
2026-06-12 23:00:00,20915.41,20718.5,20926.36425919192,22990.830078125,21490.05674262822,Weighted_Ensemble
2026-06-13 00:00:00,19035.674,19841.5,19452.46741629116,21542.65966796875,19853.725222608566,Weighted_Ensemble
2026-06-13 01:00:00,18533.205,18666.0,18603.237132117545,20635.6171875,19133.421225644484,Weighted_Ensemble
2026-06-13 02:00:00,17815.316,17953.0,17869.514458608,20122.76904296875,18467.110425423067,Weighted_Ensemble
2026-06-13 03:00:00,17191.926,17514.575,17112.38808744677,19814.54215494792,17889.409554415757,Weighted_Ensemble
2026-06-13 04:00:00,17177.334,17514.575,16564.23716751212,19562.14371744792,17645.5317372781,Weighted_Ensemble
2026-06-13 05:00:00,17079.086,17514.575,16369.271554243924,19525.101888020832,17534.434734725837,Weighted_Ensemble
2026-06-13 06:00:00,17289.86,17514.575,17763.219459400352,19870.53987630208,18145.56475040936,Weighted_Ensemble
2026-06-13 07:00:00,18454.549,17514.575,19691.360949227284,20512.674560546875,19400.829292185546,Weighted_Ensemble
2026-06-13 08:00:00,18816.371,17514.575,19972.499711019613,21058.56103515625,19788.543735647596,Weighted_Ensemble
2026-06-13 09:00:00,18444.346,17514.575,19799.570923689225,21141.15185546875,19602.788570187353,Weighted_Ensemble
2026-06-13 10:00:00,17635.916,17514.575,19156.181568392425,20671.09684244792,18938.175167907717,Weighted_Ensemble
2026-06-13 11:00:00,17450.877,17514.575,18262.273212217635,19857.119710286457,18362.358568376814,Weighted_Ensemble
2026-06-13 12:00:00,17091.602,17514.575,17557.424029191196,19034.10432942708,17769.326694478263,Weighted_Ensemble
2026-06-13 13:00:00,16937.41,17514.575,16797.51422458973,18442.271647135414,17308.686139735477,Weighted_Ensemble
2026-06-13 14:00:00,16843.66,17514.575,15981.329374687137,18152.250081380207,16939.089773684358,Weighted_Ensemble
2026-06-13 15:00:00,16939.482,17514.575,16484.100643288304,18222.235229492188,17152.751816692842,Weighted_Ensemble
2026-06-13 16:00:00,17689.682,17514.575,17518.027689940733,18698.74934895833,17914.73373268941,Weighted_Ensemble
2026-06-13 17:00:00,20246.676,18325.5,19928.635214620223,19765.41097005208,20016.54926988275,Weighted_Ensemble
2026-06-13 18:00:00,21760.518,21323.5,21648.293435333664,21175.769775390625,21565.101268953847,Weighted_Ensemble
2026-06-13 19:00:00,23488.064,23061.0,23443.459499704677,22710.08935546875,23260.22190599089,Weighted_Ensemble
2026-06-13 20:00:00,23274.275,23588.0,23565.064049407025,23681.3369140625,23475.60894520118,Weighted_Ensemble
2026-06-13 21:00:00,23549.795,23432.5,23426.673550698302,23933.482747395832,23617.605588138453,Weighted_Ensemble
2026-06-13 22:00:00,22729.02,23220.5,22694.16739995635,23318.875,22880.683050940683,Weighted_Ensemble
2026-06-13 23:00:00,20905.375,21817.0,20246.771567126485,22163.57275390625,21049.487218901457,Weighted_Ensemble
2026-06-14 00:00:00,19560.062,21270.5,19269.317720219376,20940.812906901043,19850.85787697314,Weighted_Ensemble
2026-06-14 01:00:00,18561.793,20148.5,18224.34741198938,19906.504801432293,18828.329272321233,Weighted_Ensemble
2026-06-14 02:00:00,18320.768,19648.0,17408.413719430882,19249.6201171875,18296.310986867444,Weighted_Ensemble
2026-06-14 03:00:00,17906.438,18789.0,16908.483000973963,18831.051839192707,17854.531038200515,Weighted_Ensemble
2026-06-14 04:00:00,17820.062,18234.0,16714.73875029393,18441.568684895832,17651.754365732613,Weighted_Ensemble
2026-06-14 05:00:00,17642.838,17514.575,16693.27285110062,18094.238688151043,17475.5315514546,Weighted_Ensemble
2026-06-14 06:00:00,17463.861,17514.575,17034.698876849936,18012.22334798177,17483.031763039864,Weighted_Ensemble
2026-06-14 07:00:00,17626.205,17514.575,17333.10036641547,18387.351481119797,17745.722884516785,Weighted_Ensemble
2026-06-14 08:00:00,17794.797,17514.575,17468.195230588684,19011.453694661457,18029.414174399222,Weighted_Ensemble
2026-06-14 09:00:00,17715.904,17514.575,17580.19808975242,19469.822998046875,18157.02252406066,Weighted_Ensemble
2026-06-14 10:00:00,17962.605,17514.575,17816.182379518214,19523.342692057293,18347.257626544466,Weighted_Ensemble
2026-06-14 11:00:00,18189.854,17514.575,18227.16191180397,19270.199869791668,18498.686872769445,Weighted_Ensemble
2026-06-14 12:00:00,17926.932,17514.575,18461.46635026259,18978.1025390625,18380.405158108348,Weighted_Ensemble
2026-06-14 13:00:00,17508.371,17514.575,18385.16221581214,18839.75634765625,18144.064936551684,Weighted_Ensemble
2026-06-14 14:00:00,17609.178,17514.575,18544.8602191298,18915.04964192708,18255.931211586914,Weighted_Ensemble
2026-06-14 15:00:00,17748.5,17514.575,18737.94327860034,19319.365315755207,18484.702863620805,Weighted_Ensemble
2026-06-14 16:00:00,18726.082,19465.0,19793.1830853599,20223.594319661457,19465.938085040303,Weighted_Ensemble
2026-06-14 17:00:00,21254.521,22084.0,21436.221200698037,21764.294596354168,21450.632280979462,Weighted_Ensemble
2026-06-14 18:00:00,23035.766,24111.0,23491.98865168275,23598.593587239586,23330.771881353663,Weighted_Ensemble
2026-06-14 19:00:00,24172.816,25571.5,24349.01563499457,24997.129801432293,24453.819172311843,Weighted_Ensemble
2026-06-14 20:00:00,24685.303,25910.0,24446.217419482524,25503.247477213543,24837.041493458062,Weighted_Ensemble
2026-06-14 21:00:00,23894.389,25183.0,24098.082412569904,25092.648844401043,24286.766968942637,Weighted_Ensemble
2026-06-14 22:00:00,22677.031,23780.5,23165.209707596696,23979.396565755207,23185.41519252775,Weighted_Ensemble
2026-06-14 23:00:00,21065.87,22017.0,21485.76323078483,22606.396402994797,21618.843959650956,Weighted_Ensemble
2026-06-15 00:00:00,20701.871,21088.5,18285.721308663247,21404.29060872396,20153.352244174017,Weighted_Ensemble
2026-06-15 01:00:00,19740.121,20450.5,17946.814569782826,20614.08056640625,19430.06180283949,Weighted_Ensemble
2026-06-15 02:00:00,19063.732,19702.5,17872.196998593987,20124.14388020833,18989.767148429455,Weighted_Ensemble
2026-06-15 03:00:00,18393.537,19149.0,17626.62489374295,19689.068440755207,18514.670057541,Weighted_Ensemble
2026-06-15 04:00:00,18167.84,18618.5,17723.470798989256,19390.42903645833,18367.930162075652,Weighted_Ensemble
2026-06-15 05:00:00,17728.17,18771.5,18180.241974638884,19523.834228515625,18361.253923400054,Weighted_Ensemble
2026-06-15 06:00:00,18983.428,21048.5,20014.336804996383,20321.80777994792,19668.36834400945,Weighted_Ensemble
2026-06-15 07:00:00,20949.004,24091.0,22220.62718898845,21563.94881184896,21508.720798500086,Weighted_Ensemble
2026-06-15 08:00:00,21004.44,24744.0,23176.35821977928,22625.110270182293,22117.42583886766,Weighted_Ensemble
2026-06-15 09:00:00,20612.494,23969.5,23502.25662106505,22850.254638671875,22115.75195200126,Weighted_Ensemble
2026-06-15 10:00:00,20045.006,22370.5,23116.222587986533,22367.795979817707,21627.383878406094,Weighted_Ensemble
2026-06-15 11:00:00,18204.066,22029.5,22629.743436524805,21639.6474609375,20508.63363724365,Weighted_Ensemble
2026-06-15 12:00:00,18671.414,21378.5,21999.31724036083,21065.275553385414,20352.169624615726,Weighted_Ensemble
2026-06-15 13:00:00,18149.344,20397.5,21500.969020950302,20689.341878255207,19877.608997176605,Weighted_Ensemble
2026-06-15 14:00:00,18458.242,20658.0,20761.49566495633,20626.178304036457,19762.195074596104,Weighted_Ensemble
2026-06-15 15:00:00,18972.31,21016.5,20414.149797444228,21244.206461588543,20040.386069881995,Weighted_Ensemble
2026-06-15 16:00:00,20406.719,23228.5,21555.43470386791,22720.239664713543,21396.250182862786,Weighted_Ensemble
2026-06-15 17:00:00,23346.766,25517.0,23537.09317100616,24796.674397786457,23804.309088357088,Weighted_Ensemble
2026-06-15 18:00:00,25785.496,27329.0,24919.50781580712,26688.637125651043,25768.198240627968,Weighted_Ensemble
2026-06-15 19:00:00,26770.043,28066.0,25922.64498446309,27703.803955078125,26766.881728727614,Weighted_Ensemble
2026-06-15 20:00:00,26603.613,27449.0,25876.600952263783,27564.97981770833,26645.014527912943,Weighted_Ensemble
2026-06-15 21:00:00,26395.164,26785.5,25129.932821638136,26356.085367838543,25995.923639833454,Weighted_Ensemble
2026-06-15 22:00:00,24131.01,25063.5,23337.3090580232,24522.50561523437,23995.07139045781,Weighted_Ensemble
2026-06-15 23:00:00,21751.74,23091.0,20926.1334480998,22694.391520182293,21757.716929644575,Weighted_Ensemble
2026-06-16 00:00:00,21851.842,22321.0,22567.567038732406,21418.74763997396,21952.387927028674,Weighted_Ensemble
2026-06-16 01:00:00,21341.271,21803.5,21943.064473392664,20802.944010416668,21377.868261042175,Weighted_Ensemble
2026-06-16 02:00:00,20465.646,21420.0,21101.34188306506,20533.98608398437,20679.644943987787,Weighted_Ensemble
2026-06-16 03:00:00,19887.385,21024.5,20452.253002380377,20343.392985026043,20186.34661923022,Weighted_Ensemble
2026-06-16 04:00:00,19472.127,19529.0,19867.63624142313,20346.275716145832,19834.185830438393,Weighted_Ensemble
2026-06-16 05:00:00,19653.422,19934.0,20140.25151514109,20882.73323567708,20141.282883087944,Weighted_Ensemble
2026-06-16 06:00:00,22320.074,21936.0,22393.3726152798,22136.912272135414,22292.16263287669,Weighted_Ensemble
2026-06-16 07:00:00,25005.135,25240.5,25160.517839698743,23617.500895182293,24670.88232494574,Weighted_Ensemble
2026-06-16 08:00:00,25280.053,25661.0,25536.77696447134,24484.87939453125,25139.998237421678,Weighted_Ensemble
2026-06-16 09:00:00,25020.02,25020.5,25049.18712976017,24277.619791666668,24824.621425073674,Weighted_Ensemble
2026-06-16 10:00:00,23920.246,23930.5,23701.55445588289,23343.917643229168,23694.456729603215,Weighted_Ensemble
2026-06-16 11:00:00,23717.209,23063.5,22983.294623959235,22308.99918619792,23104.2379321404,Weighted_Ensemble
2026-06-16 12:00:00,23650.45,22036.5,22557.50874757001,21532.19384765625,22731.79291705569,Weighted_Ensemble
2026-06-16 13:00:00,23221.883,21633.5,21456.371262767163,21038.07275390625,22078.67166912846,Weighted_Ensemble
2026-06-16 14:00:00,22936.883,22081.0,21648.31816274147,20957.265625,21996.322499929236,Weighted_Ensemble
2026-06-16 15:00:00,24322.6,23822.5,21805.125172121203,21483.806884765625,22768.210219236797,Weighted_Ensemble
2026-06-16 16:00:00,25866.248,25558.0,23687.0311770528,22982.695149739586,24403.39817852361,Weighted_Ensemble
2026-06-16 17:00:00,27135.648,27720.0,25859.66937089045,25032.922770182293,26165.065182941587,Weighted_Ensemble
2026-06-16 18:00:00,28620.855,28178.0,27493.69284994506,26907.70247395833,27803.19998529035,Weighted_Ensemble
2026-06-16 19:00:00,28255.676,27838.5,27891.93126740273,27863.92854817708,28036.15682408592,Weighted_Ensemble
2026-06-16 20:00:00,27873.023,27638.5,27243.810935406196,27649.52652994792,27618.30630039853,Weighted_Ensemble
2026-06-16 21:00:00,26943.21,27319.5,26582.791009905603,26427.94661458333,26690.712794579988,Weighted_Ensemble
2026-06-16 22:00:00,25430.674,25440.5,25056.781111038898,24646.309488932293,25099.966509739494,Weighted_Ensemble
2026-06-16 23:00:00,23425.035,23136.5,22920.07273403445,22869.822102864586,23117.159871485514,Weighted_Ensemble
2026-06-17 00:00:00,22471.857,21898.0,21689.886999068032,21624.465901692707,21998.502482129676,Weighted_Ensemble
2026-06-17 01:00:00,22198.799,21072.0,21264.664238006368,20983.878743489586,21577.556344796125,Weighted_Ensemble
2026-06-17 02:00:00,21109.744,20180.5,20766.826572664908,20714.298665364586,20895.60186921341,Weighted_Ensemble
2026-06-17 03:00:00,20747.064,19728.0,20288.699508901027,20475.15348307292,20531.478751709245,Weighted_Ensemble
2026-06-17 04:00:00,19819.252,19538.5,19426.40236947081,20376.271565755207,19851.955348752963,Weighted_Ensemble
2026-06-17 05:00:00,19964.129,19478.5,19581.20102336436,20876.3427734375,20097.65004550852,Weighted_Ensemble
2026-06-17 06:00:00,22345.299,22235.0,21995.233039314004,22036.388509114586,22152.781657034182,Weighted_Ensemble
2026-06-17 07:00:00,25329.426,25953.0,24897.85407193812,23407.01318359375,24667.74751422126,Weighted_Ensemble
2026-06-17 08:00:00,25904.871,26974.5,25612.02211710413,24241.525716145832,25357.09812140801,Weighted_Ensemble
2026-06-17 09:00:00,25927.21,25929.0,25249.928665084444,24132.297119140625,25225.183377219488,Weighted_Ensemble
2026-06-17 10:00:00,24836.61,24905.0,24464.62500285229,23357.170654296875,24315.16096330351,Weighted_Ensemble
2026-06-17 11:00:00,23623.436,24042.5,23298.464546807267,22475.34920247396,23207.630865853185,Weighted_Ensemble
2026-06-17 12:00:00,22363.203,23678.0,22454.003512405565,21777.23828125,22229.789347485894,Weighted_Ensemble
2026-06-17 13:00:00,21991.654,23306.0,21880.4121714418,21341.61092122396,21778.565852782256,Weighted_Ensemble
2026-06-17 14:00:00,21785.096,23243.5,21918.295980438965,21301.920084635414,21692.99471489923,Weighted_Ensemble
2026-06-17 15:00:00,22406.264,23808.0,22849.087592721426,21920.079182942707,22408.40301118049,Weighted_Ensemble
2026-06-17 16:00:00,23672.406,24762.0,24301.56242938741,23300.669189453125,23763.260799061347,Weighted_Ensemble
2026-06-17 17:00:00,26008.697,26618.0,26330.647402506173,25192.041666666668,25882.756627419076,Weighted_Ensemble
2026-06-17 18:00:00,26726.516,27069.5,26872.629395946027,26900.936930338543,26819.39082855177,Weighted_Ensemble
2026-06-17 19:00:00,27641.158,27711.5,27029.70550907558,27803.982259114586,27498.233528644658,Weighted_Ensemble
2026-06-17 20:00:00,27644.21,27324.5,27000.50049849331,27693.90315755208,27460.24052023967,Weighted_Ensemble
2026-06-17 21:00:00,27405.43,26565.0,26769.075069074017,26598.834635416668,26988.01542712644,Weighted_Ensemble
2026-06-17 22:00:00,25830.365,25531.5,25023.00405464397,24844.33154296875,25311.051400872926,Weighted_Ensemble
2026-06-17 23:00:00,23637.912,23728.5,22692.253109508387,23012.482666015625,23175.395080997565,Weighted_Ensemble
2026-06-18 00:00:00,22397.633,22535.5,21667.17727749557,21621.493570963543,21959.708551394284,Weighted_Ensemble
2026-06-18 01:00:00,21626.875,22392.0,21052.42696503307,20844.750406901043,21235.204521580337,Weighted_Ensemble
2026-06-18 02:00:00,20713.691,21536.0,20259.373029360784,20466.67692057292,20506.201248779253,Weighted_Ensemble
2026-06-18 03:00:00,20314.97,20273.5,19774.417103961976,20160.701822916668,20106.531582702308,Weighted_Ensemble
2026-06-18 04:00:00,19987.05,19273.0,19512.246170122267,19925.70784505208,19824.378494551427,Weighted_Ensemble
2026-06-18 05:00:00,19998.715,19306.5,19491.86261466015,20117.969645182293,19875.914480247302,Weighted_Ensemble
2026-06-18 06:00:00,22346.688,21186.5,21959.77998192807,21004.9326171875,21858.5560141616,Weighted_Ensemble
2026-06-18 07:00:00,25634.11,24699.0,25467.410222110968,22322.630126953125,24671.402600729754,Weighted_Ensemble
2026-06-18 08:00:00,26780.576,25845.5,26816.820380651057,23360.31795247396,25850.239241890944,Weighted_Ensemble
2026-06-18 09:00:00,26607.303,25648.0,26616.053175072197,23537.03059895833,25764.861851580546,Weighted_Ensemble
2026-06-18 10:00:00,25823.662,23923.5,26065.2969823274,22964.18880208333,25110.751988592143,Weighted_Ensemble
2026-06-18 11:00:00,25092.275,22419.0,25551.754653373664,22122.19270833333,24415.806783168537,Weighted_Ensemble
2026-06-18 12:00:00,24785.854,21791.0,25116.262393028395,21366.493408203125,23946.08600775897,Weighted_Ensemble
2026-06-18 13:00:00,25176.39,22080.0,24790.751830129026,20809.50081380208,23855.944984209782,Weighted_Ensemble
2026-06-18 14:00:00,25083.963,22913.0,24597.012900637943,20578.010660807293,23694.131879061406,Weighted_Ensemble
2026-06-18 15:00:00,25645.307,23780.0,25046.08222926056,20893.041422526043,24153.201891977882,Weighted_Ensemble
2026-06-18 16:00:00,26021.79,24250.5,26209.93993288541,21945.54736328125,24957.527839738323,Weighted_Ensemble
2026-06-18 17:00:00,27416.379,25614.5,27537.48463117011,23578.627848307293,26397.17871867928,Weighted_Ensemble
2026-06-18 18:00:00,27855.787,26640.0,27590.95908250846,25296.33553059896,27069.9542808634,Weighted_Ensemble
2026-06-18 19:00:00,28266.139,27643.0,27465.2912119024,26519.222819010414,27539.38350069278,Weighted_Ensemble
2026-06-18 20:00:00,28168.1,28276.0,26861.15133683172,26881.895751953125,27412.76478106276,Weighted_Ensemble
2026-06-18 21:00:00,27202.55,27199.0,25900.295066785307,26307.711344401043,26556.38385777176,Weighted_Ensemble
2026-06-18 22:00:00,26087.188,25644.5,24636.12019912612,24947.88395182292,25328.037623433705,Weighted_Ensemble
2026-06-18 23:00:00,23966.885,23441.0,22586.76547817105,23254.496256510414,23347.03232792653,Weighted_Ensemble
2026-06-19 00:00:00,22585.094,22656.0,21335.48096681089,21792.37255859375,21983.20025498604,Weighted_Ensemble
2026-06-19 01:00:00,22250.494,21643.0,20906.444704220197,20858.414957682293,21454.62394257922,Weighted_Ensemble
2026-06-19 02:00:00,21330.803,20431.0,20292.72657868812,20300.134602864586,20728.362974963402,Weighted_Ensemble
2026-06-19 03:00:00,20125.176,19359.5,19364.162708019627,19898.61889648437,19829.147854443327,Weighted_Ensemble
2026-06-19 04:00:00,19138.578,18536.5,18542.292375604688,19544.80159505208,19067.308917834525,Weighted_Ensemble
2026-06-19 05:00:00,19270.87,18444.5,18720.64065907926,19493.039794921875,19163.079362654724,Weighted_Ensemble
2026-06-19 06:00:00,21144.35,20177.5,20770.68736656796,20037.338541666668,20724.90091929899,Weighted_Ensemble
2026-06-19 07:00:00,24022.213,22514.5,23877.83620067648,21116.125651041668,23177.94873310286,Weighted_Ensemble
2026-06-19 08:00:00,25159.479,22350.5,24955.356073250507,22115.05078125,24258.790036439044,Weighted_Ensemble
2026-06-19 09:00:00,24960.273,21579.5,24524.339808487766,22383.801025390625,24117.218089456466,Weighted_Ensemble
2026-06-19 10:00:00,24022.424,20612.0,23238.99154680165,21912.037516276043,23200.966412315956,Weighted_Ensemble
2026-06-19 11:00:00,22698.574,19918.0,21889.8365863313,21190.63997395833,22035.17861820607,Weighted_Ensemble
2026-06-19 12:00:00,21583.041,19712.0,20975.852455791373,20577.467366536457,21119.81077349917,Weighted_Ensemble
2026-06-19 13:00:00,22071.566,19524.0,20952.001688616256,20147.560791015625,21198.2042371691,Weighted_Ensemble
2026-06-19 14:00:00,22426.469,19631.5,20725.069314514534,19931.48006184896,21217.287464939654,Weighted_Ensemble
2026-06-19 15:00:00,22637.75,20737.0,21119.183281668036,20140.118570963543,21483.97912532549,Weighted_Ensemble
2026-06-19 16:00:00,23380.963,23092.0,21747.998830387187,21100.40974934896,22251.82017430495,Weighted_Ensemble
2026-06-19 17:00:00,25072.69,24829.0,23237.37947022906,22858.68473307292,23899.735737908217,Weighted_Ensemble
2026-06-19 18:00:00,25294.121,26373.5,24211.496265212627,24738.435628255207,24808.747166485104,Weighted_Ensemble
2026-06-19 19:00:00,26518.682,27075.0,25573.633237166003,26103.9931640625,26114.361167907882,Weighted_Ensemble
2026-06-19 20:00:00,26321.303,26261.0,25806.569291750457,26472.472330729168,26204.867440536098,Weighted_Ensemble
2026-06-19 21:00:00,25918.139,26939.0,25054.793413936502,25787.99951171875,25617.230245320712,Weighted_Ensemble
2026-06-19 22:00:00,25026.959,25756.5,23784.152842250056,24395.10677083333,24471.436379331448,Weighted_Ensemble
2026-06-19 23:00:00,23230.328,24106.0,21388.692254053447,22701.141520182293,22519.197390340516,Weighted_Ensemble
2026-06-20 00:00:00,21369.504,22614.5,20429.30882815226,21273.801432291668,21054.478086371433,Weighted_Ensemble
2026-06-20 01:00:00,20892.246,21765.0,19504.986945979483,20350.406656901043,20317.146854136197,Weighted_Ensemble
2026-06-20 02:00:00,19426.246,20799.5,18402.530248176827,19882.47998046875,19237.50236326505,Weighted_Ensemble
2026-06-20 03:00:00,18585.855,19886.0,17475.9378836941,19555.389404296875,18511.9354790456,Weighted_Ensemble
2026-06-20 04:00:00,18427.715,19088.0,16895.09084017053,19235.983642578125,18179.614932495424,Weighted_Ensemble
2026-06-20 05:00:00,18200.26,18707.5,16582.274234660923,19166.323486328125,17969.384885877185,Weighted_Ensemble
2026-06-20 06:00:00,18480.777,19247.5,17394.94975733216,19636.711507161457,18465.56294167466,Weighted_Ensemble
2026-06-20 07:00:00,19301.258,20044.5,18618.776770636443,20529.945638020832,19429.91565000421,Weighted_Ensemble
2026-06-20 08:00:00,19214.236,20929.5,18325.937890654037,21233.003580729168,19497.177113496997,Weighted_Ensemble
2026-06-20 09:00:00,19217.31,20706.0,17677.837690045337,21310.1025390625,19320.687240091087,Weighted_Ensemble
2026-06-20 10:00:00,17993.65,20207.0,16807.002741071105,20877.8466796875,18423.20368504448,Weighted_Ensemble
2026-06-20 11:00:00,17523.15,19532.0,16110.26831419144,20279.25325520833,17847.980235680334,Weighted_Ensemble
2026-06-20 12:00:00,17368.21,19095.0,15882.522522817091,19802.72998046875,17582.166045163896,Weighted_Ensemble
2026-06-20 13:00:00,17228.566,18640.5,15852.864887348653,19490.83154296875,17428.877843009803,Weighted_Ensemble
2026-06-20 14:00:00,16962.324,18292.5,16063.323230953923,19414.483642578125,17361.275068208284,Weighted_Ensemble
2026-06-20 15:00:00,17306.617,19152.0,17009.662060400085,19800.654541015625,17901.950893842768,Weighted_Ensemble
2026-06-20 16:00:00,18944.682,20738.5,18887.41396014133,20888.490071614586,19462.15367290563,Weighted_Ensemble
2026-06-20 17:00:00,21330.0,23139.0,20712.805565711275,22578.03824869792,21484.0301439596,Weighted_Ensemble
2026-06-20 18:00:00,22476.041,24278.0,22748.476315010084,24440.15014648437,23100.33470301555,Weighted_Ensemble
2026-06-20 19:00:00,24073.438,24929.0,24120.683825228687,25804.267985026043,24564.375510946906,Weighted_Ensemble
2026-06-20 20:00:00,24456.365,25281.5,24147.37218401769,26261.09879557292,24858.26392108273,Weighted_Ensemble
2026-06-20 21:00:00,24291.863,25016.0,24697.992011094742,25754.519612630207,24819.176161273885,Weighted_Ensemble
2026-06-20 22:00:00,24032.97,24919.5,24025.117233647197,24477.8896484375,24153.02810260112,Weighted_Ensemble
2026-06-20 23:00:00,22541.877,22918.5,22292.941736118173,22947.330485026043,22577.048294892982,Weighted_Ensemble
2026-06-21 00:00:00,21446.098,21842.0,21188.476751694878,21553.097574869797,21396.44942544815,Weighted_Ensemble
2026-06-21 01:00:00,20683.066,21337.5,20209.598102694265,20644.101725260414,20526.964455947993,Weighted_Ensemble
2026-06-21 02:00:00,19458.32,20369.0,19282.20840815707,20128.46614583333,19588.71117868092,Weighted_Ensemble
2026-06-21 03:00:00,18578.709,19437.5,18296.84639581325,19752.266520182293,18815.199588621428,Weighted_Ensemble
2026-06-21 04:00:00,18030.176,18680.5,17507.445540883546,19440.068196614586,18257.76304454506,Weighted_Ensemble
2026-06-21 05:00:00,17812.898,17908.0,17122.229174727723,19396.056640625,18036.613912903867,Weighted_Ensemble
2026-06-21 06:00:00,17684.865,17588.0,17700.086788926776,19817.0673828125,18276.45205188907,Weighted_Ensemble
2026-06-21 07:00:00,17987.604,17738.0,18517.953665560435,20572.550944010414,18861.98189525064,Weighted_Ensemble
2026-06-21 08:00:00,18381.662,18047.0,19025.854395021444,21185.360270182293,19351.208613642368,Weighted_Ensemble
2026-06-21 09:00:00,17955.941,17821.0,18908.599747758064,21252.322184244797,19155.817461622784,Weighted_Ensemble
2026-06-21 10:00:00,17620.521,17592.0,18667.209832023094,20749.569091796875,18803.208612633305,Weighted_Ensemble
2026-06-21 11:00:00,17536.184,17514.575,18373.749901092586,20031.4228515625,18480.198066285746,Weighted_Ensemble
2026-06-21 12:00:00,18124.275,17514.575,18367.98189846376,19414.826497395832,18554.343269741174,Weighted_Ensemble
2026-06-21 13:00:00,17941.732,17514.575,18270.962070620597,19025.351236979168,18341.099284632448,Weighted_Ensemble
2026-06-21 14:00:00,18041.959,17514.575,18205.08572198652,18960.184651692707,18344.79851215824,Weighted_Ensemble
2026-06-21 15:00:00,18564.242,17734.5,18834.82296526981,19422.135823567707,18883.467821275706,Weighted_Ensemble
2026-06-21 16:00:00,19966.088,19484.0,20544.769681684997,20529.40348307292,20298.828672141623,Weighted_Ensemble
2026-06-21 17:00:00,21931.826,22041.0,22634.639904071464,22232.76806640625,22230.459604473483,Weighted_Ensemble
2026-06-21 18:00:00,24770.342,24272.5,23971.020246580203,24051.410481770832,24327.019684294544,Weighted_Ensemble
2026-06-21 19:00:00,26563.463,25742.5,24685.175886129902,25348.03865559896,25652.183875244948,Weighted_Ensemble
2026-06-21 20:00:00,26580.666,25867.0,24735.378493232296,25728.71850585937,25779.570446048667,Weighted_Ensemble
2026-06-21 21:00:00,25745.268,25534.0,24319.358456059817,25170.270182291668,25149.17414370036,Weighted_Ensemble
2026-06-21 22:00:00,24671.342,25191.5,23702.09320478518,23949.4052734375,24175.017135699905,Weighted_Ensemble
2026-06-21 23:00:00,22446.127,23129.5,21792.51627672976,22464.45662434896,22250.48422099054,Weighted_Ensemble
2026-06-22 00:00:00,22165.148,22412.0,20921.454690180453,21189.390625,21514.68912987118,Weighted_Ensemble
2026-06-22 01:00:00,21433.088,21898.5,20735.076140484645,20347.834554036457,20920.038098554058,Weighted_Ensemble
2026-06-22 02:00:00,20884.283,21233.5,20335.410642307022,19844.609375,20429.57207954396,Weighted_Ensemble
2026-06-22 03:00:00,20059.287,20357.5,20098.29495786645,19451.637044270832,19904.001566327912,Weighted_Ensemble
2026-06-22 04:00:00,19427.457,19780.0,19986.48333033197,19084.820475260414,19504.788857949457,Weighted_Ensemble
2026-06-22 05:00:00,19678.88,19420.5,20226.01865148549,18994.994873046875,19658.629190684165,Weighted_Ensemble
2026-06-22 06:00:00,22381.951,21339.0,21693.85845639669,19441.778971354168,21361.3590698024,Weighted_Ensemble
2026-06-22 07:00:00,24361.57,24088.5,23446.7043368998,20397.563395182293,22989.526145716925,Weighted_Ensemble
2026-06-22 08:00:00,24914.512,24562.5,24291.408844469275,21390.94189453125,23753.287725947757,Weighted_Ensemble
2026-06-22 09:00:00,24034.727,23318.0,24062.910753786287,21727.023518880207,23408.158724667548,Weighted_Ensemble
2026-06-22 10:00:00,22609.188,21836.0,23432.62975398809,21390.59334309896,22526.589851492303,Weighted_Ensemble
2026-06-22 11:00:00,22634.957,20745.0,23321.22357856626,20808.7353515625,22342.983503974843,Weighted_Ensemble
2026-06-22 12:00:00,22655.426,20573.5,23084.272726114054,20344.545003255207,22151.0048321678,Weighted_Ensemble
2026-06-22 13:00:00,22155.68,20482.5,22523.63772696773,20077.6552734375,21696.65951114274,Weighted_Ensemble
2026-06-22 14:00:00,21901.64,21049.5,22286.93227243638,20104.212890625,21525.17973182156,Weighted_Ensemble
2026-06-22 15:00:00,22020.625,22492.5,22279.80422150437,20692.197835286457,21734.53992735217,Weighted_Ensemble
2026-06-22 16:00:00,23424.012,24501.5,23844.92392825787,22119.81225585937,23194.255100812017,Weighted_Ensemble
2026-06-22 17:00:00,26339.58,28019.5,26071.468882915506,24149.455322265625,25654.400643580466,Weighted_Ensemble
2026-06-22 18:00:00,28461.816,28868.0,27384.624194661043,26168.593668619797,27499.833257105813,Weighted_Ensemble
2026-06-22 19:00:00,28899.352,29886.5,27806.52511026644,27359.53515625,28139.952115333166,Weighted_Ensemble
2026-06-22 20:00:00,28009.361,29037.0,27376.108487563357,27405.453531901043,27648.691189323534,Weighted_Ensemble
2026-06-22 21:00:00,27202.74,28041.5,26653.908338368576,26394.733642578125,26811.810659460596,Weighted_Ensemble
2026-06-22 22:00:00,26175.193,27033.0,25576.571040185383,24784.51326497396,25608.588213374784,Weighted_Ensemble
2026-06-22 23:00:00,24334.07,24515.0,23355.292841117414,23137.313151041668,23704.119785729443,Weighted_Ensemble
2026-06-23 00:00:00,23277.242,23747.0,22468.138136500536,21943.0673828125,22661.56338056209,Weighted_Ensemble
2026-06-23 01:00:00,22673.09,23310.5,21946.59816308068,21391.08056640625,22097.13609781108,Weighted_Ensemble
2026-06-23 02:00:00,22125.67,21963.0,21611.63646185612,21197.608642578125,21712.378744174206,Weighted_Ensemble
2026-06-23 03:00:00,21443.98,21443.0,20684.79360603929,21053.594970703125,21103.417271238442,Weighted_Ensemble
2026-06-23 04:00:00,20599.879,20929.5,19947.74258299612,21051.78295898437,20524.03523076538,Weighted_Ensemble
2026-06-23 05:00:00,20816.688,20975.0,20476.744233588222,21532.489501953125,20909.342412499314,Weighted_Ensemble
2026-06-23 06:00:00,22933.197,22903.0,22529.815380278316,22588.492757161457,22714.456682235734,Weighted_Ensemble
2026-06-23 07:00:00,25749.49,24985.0,25205.883265692068,23815.055419921875,25050.10260423543,Weighted_Ensemble
2026-06-23 08:00:00,26274.95,25643.5,24854.47208280441,24429.471354166668,25330.809415353342,Weighted_Ensemble
2026-06-23 09:00:00,24739.578,24837.5,23695.07495769742,24119.588216145832,24248.20872964585,Weighted_Ensemble
2026-06-23 10:00:00,23528.992,23184.5,22445.725799207656,23202.045328776043,23106.384169799796,Weighted_Ensemble
2026-06-23 11:00:00,22420.334,22195.0,21476.90075487995,22246.80322265625,22082.890739264963,Weighted_Ensemble
2026-06-23 12:00:00,21770.273,21770.5,21193.68102145467,21546.787353515625,21531.716039370935,Weighted_Ensemble
2026-06-23 13:00:00,21617.377,21266.0,21026.745485013176,21082.338053385414,21288.750627963847,Weighted_Ensemble
2026-06-23 14:00:00,21564.041,21386.5,21328.877987809054,20966.0029296875,21327.218390992522,Weighted_Ensemble
2026-06-23 15:00:00,23348.924,22472.5,22545.77978593845,21505.49104817708,22594.896040362146,Weighted_Ensemble
2026-06-23 16:00:00,25153.533,24583.0,24211.28086259653,22938.051432291668,24254.381913259498,Weighted_Ensemble
2026-06-23 17:00:00,27612.697,27057.5,26864.83198414348,25019.11800130208,26669.15592676987,Weighted_Ensemble
2026-06-23 18:00:00,28350.588,28961.5,27584.947547975844,26936.10205078125,27726.148005282896,Weighted_Ensemble
2026-06-23 19:00:00,29811.516,29899.0,28082.80220341919,28044.455485026043,28794.318475284603,Weighted_Ensemble
2026-06-23 20:00:00,29974.623,29962.0,27626.427300841053,28010.29036458333,28712.914932318323,Weighted_Ensemble
2026-06-23 21:00:00,29153.492,29831.5,26930.695086357337,26943.781901041668,27862.744089039603,Weighted_Ensemble
2026-06-23 22:00:00,27816.875,28834.0,25458.484303337587,25264.414469401043,26390.147625594047,Weighted_Ensemble
2026-06-23 23:00:00,25475.34,27025.5,22710.441516502844,23569.898681640625,24101.89573872253,Weighted_Ensemble
2026-06-24 00:00:00,24371.164,25690.0,21549.453554936328,22383.085856119797,22957.529144364322,Weighted_Ensemble
2026-06-24 01:00:00,23755.271,24881.5,21156.57278072843,21749.51025390625,22405.243700651743,Weighted_Ensemble
2026-06-24 02:00:00,22619.475,23947.5,20119.73661366832,21525.22045898437,21550.735454368652,Weighted_Ensemble
2026-06-24 03:00:00,21990.477,23047.0,19708.51802776353,21436.117431640625,21137.21795064723,Weighted_Ensemble
2026-06-24 04:00:00,21732.838,22308.5,19428.537422235186,21423.32307942708,20940.115371708947,Weighted_Ensemble
2026-06-24 05:00:00,21968.861,21881.5,19742.434532221167,21770.02425130208,21230.514707211893,Weighted_Ensemble
2026-06-24 06:00:00,23649.557,24277.0,21930.35932736174,22624.737711588543,22839.591806908542,Weighted_Ensemble
2026-06-24 07:00:00,25445.734,26708.0,24484.58800696896,23757.506266276043,24685.91433240821,Weighted_Ensemble
2026-06-24 08:00:00,26301.832,26336.5,25193.91106380264,24474.083089192707,25458.540937925427,Weighted_Ensemble
2026-06-24 09:00:00,25064.516,25014.5,24643.901255181703,24330.950276692707,24733.445726577964,Weighted_Ensemble
2026-06-24 10:00:00,23270.47,23822.0,23473.42723081776,23499.659423828125,23395.87413000945,Weighted_Ensemble
2026-06-24 11:00:00,22485.047,23230.0,22727.88608566737,22509.74462890625,22566.407950892266,Weighted_Ensemble
2026-06-24 12:00:00,22441.42,22891.5,22682.71527687061,21723.020751953125,22317.760954983725,Weighted_Ensemble
2026-06-24 13:00:00,21801.832,22500.0,22336.141097122483,21182.381917317707,21795.378422260233,Weighted_Ensemble
2026-06-24 14:00:00,21927.734,22499.5,22315.77444517256,20959.274495442707,21780.300429373285,Weighted_Ensemble
2026-06-24 15:00:00,23828.783,23512.5,22953.03871129078,21260.14501953125,22852.842476460835,Weighted_Ensemble
2026-06-24 16:00:00,25278.244,25503.5,24285.344469879416,22371.985270182293,24173.39748805118,Weighted_Ensemble
2026-06-24 17:00:00,26879.344,27925.0,26126.06152399727,24254.31420898437,25925.482327189176,Weighted_Ensemble
2026-06-24 18:00:00,28401.453,29768.5,27349.850827741702,26324.66951497396,27506.904724308646,Weighted_Ensemble
2026-06-24 19:00:00,30047.318,30923.0,28035.225421371728,27819.402669270832,28816.25470326943,Weighted_Ensemble
2026-06-24 20:00:00,30089.502,30929.0,27892.821070991748,28227.80517578125,28902.567547354094,Weighted_Ensemble
2026-06-24 21:00:00,29489.648,30977.5,27526.120252330827,27470.642985026043,28331.00128638742,Weighted_Ensemble
2026-06-24 22:00:00,28455.191,29299.5,26324.77397011142,25941.718912760414,27109.193928102206,Weighted_Ensemble
2026-06-24 23:00:00,26784.678,26806.0,24232.83659343136,24214.98592122396,25293.80927705636,Weighted_Ensemble
2026-06-25 00:00:00,25400.465,25946.0,22903.818332053022,22868.20678710937,23936.84767500634,Weighted_Ensemble
2026-06-25 01:00:00,24269.457,25204.0,22449.808052046545,22173.193603515625,23133.72136215001,Weighted_Ensemble
2026-06-25 02:00:00,23193.717,24113.5,21732.83505848534,21901.522867838543,22389.46847887383,Weighted_Ensemble
2026-06-25 03:00:00,22866.992,23233.0,20928.056825856205,21761.208251953125,21967.270999657478,Weighted_Ensemble
2026-06-25 04:00:00,22037.715,22258.0,20328.22303400221,21687.645182291668,21416.462465689277,Weighted_Ensemble
2026-06-25 05:00:00,22032.865,21929.5,20323.22348437194,21956.492106119797,21486.904778620607,Weighted_Ensemble
2026-06-25 06:00:00,23530.0,23789.0,22474.13580586208,22784.09521484375,23000.482784569453,Weighted_Ensemble
2026-06-25 07:00:00,26293.053,26130.5,25032.33079448201,23887.01953125,25243.665511774518,Weighted_Ensemble
2026-06-25 08:00:00,25840.268,25859.0,25077.27603429015,24642.193603515625,25276.21098414593,Weighted_Ensemble
2026-06-25 09:00:00,24524.172,24631.0,24152.51782654759,24529.58089192708,24411.54612515424,Weighted_Ensemble
2026-06-25 10:00:00,23033.11,23098.0,22802.08746762874,23707.182535807293,23147.721806578433,Weighted_Ensemble
2026-06-25 11:00:00,22028.705,22100.0,22015.476868297537,22714.25390625,22213.34859639418,Weighted_Ensemble
2026-06-25 12:00:00,21340.432,21980.0,21843.05058342857,21887.724772135414,21645.407405729486,Weighted_Ensemble
2026-06-25 13:00:00,20767.574,21710.0,21701.104105915478,21306.55810546875,21202.57178544119,Weighted_Ensemble
2026-06-25 14:00:00,20642.682,21955.0,21743.14370703243,21008.05940755208,21081.148135618532,Weighted_Ensemble
2026-06-25 15:00:00,21039.416,22725.0,22435.905414703437,21227.242024739586,21519.90304203763,Weighted_Ensemble
2026-06-25 16:00:00,22465.77,24450.0,23682.655640987767,22209.86067708333,22768.96724825287,Weighted_Ensemble
2026-06-25 17:00:00,24998.787,27140.0,25664.5831674766,23984.188395182293,24923.936749982946,Weighted_Ensemble
2026-06-25 18:00:00,27407.37,29120.0,27042.56187388816,26025.545247395832,26914.994130467814,Weighted_Ensemble
2026-06-25 19:00:00,29598.893,31050.0,28095.55698361423,27572.457194010414,28579.500667296048,Weighted_Ensemble
2026-06-25 20:00:00,30103.139,31102.0,28254.377535113887,28107.210042317707,28986.08270557422,Weighted_Ensemble
2026-06-25 21:00:00,29413.271,30279.5,27983.4487052038,27476.27652994792,28441.070481488565,Weighted_Ensemble
2026-06-25 22:00:00,27816.902,29105.5,26321.54060139413,26010.322916666668,26860.47633347165,Weighted_Ensemble
2026-06-25 23:00:00,26156.117,27013.0,24019.24968905667,24315.09505208333,24993.239046408555,Weighted_Ensemble
2026-06-26 00:00:00,25112.56,25967.0,23169.623647526238,22942.367757161457,23918.619754985684,Weighted_Ensemble
2026-06-26 01:00:00,23977.896,25159.5,22134.933505640514,22130.248779296875,22903.436509688174,Weighted_Ensemble
2026-06-26 02:00:00,23429.113,24243.0,21841.52528921431,21805.90388997396,22494.844358742637,Weighted_Ensemble
2026-06-26 03:00:00,22601.174,23375.0,20884.227911535992,21678.300699869797,21819.9619534213,Weighted_Ensemble
2026-06-26 04:00:00,21618.256,22401.0,19984.811339124622,21641.259602864586,21123.04620419971,Weighted_Ensemble
2026-06-26 05:00:00,21661.713,22984.5,20191.03133984565,21860.4482421875,21264.85100641573,Weighted_Ensemble
2026-06-26 06:00:00,23227.451,25080.0,21876.168845941454,22600.610270182293,22640.000787738616,Weighted_Ensemble
2026-06-26 07:00:00,25202.473,27640.5,24316.100696688853,23679.85400390625,24511.197968941353,Weighted_Ensemble
2026-06-26 08:00:00,25208.314,28091.0,24472.337593102948,24490.944010416668,24784.87141547217,Weighted_Ensemble
2026-06-26 09:00:00,24361.66,27268.5,23584.66808233548,24477.717203776043,24155.034224871262,Weighted_Ensemble
2026-06-26 10:00:00,23511.053,25667.0,22164.60843192198,23732.406575520832,23158.56340100994,Weighted_Ensemble
2026-06-26 11:00:00,22046.287,23837.0,20903.141241436624,22735.65795898437,21885.04655857479,Weighted_Ensemble
2026-06-26 12:00:00,21526.484,23309.0,20848.721666823327,21912.71533203125,21424.694761828727,Weighted_Ensemble
2026-06-26 13:00:00,21171.693,22942.5,20403.11017338565,21326.757649739586,20978.386447177643,Weighted_Ensemble
2026-06-26 14:00:00,20812.658,23305.0,20200.688815446752,21002.4931640625,20677.00994297258,Weighted_Ensemble
2026-06-26 15:00:00,22134.588,22810.5,21221.98661086985,21115.941650390625,21573.983723728117,Weighted_Ensemble
2026-06-26 16:00:00,22717.47,23979.0,22865.465900604355,21881.7451171875,22532.868570423285,Weighted_Ensemble
2026-06-26 17:00:00,25198.092,26456.0,24835.38972760369,23459.55126953125,24608.17254080354,Weighted_Ensemble
2026-06-26 18:00:00,27309.13,27753.0,26745.483461465374,25430.978678385414,26619.082088211995,Weighted_Ensemble
2026-06-26 19:00:00,29136.568,28379.5,27890.910824757964,27071.583902994797,28185.683929957766,Weighted_Ensemble
2026-06-26 20:00:00,28218.537,28795.0,27490.13502595328,27759.551025390625,27868.54328774599,Weighted_Ensemble
2026-06-26 21:00:00,27895.3,29147.0,27295.193434075158,27328.484700520832,27555.017549173266,Weighted_Ensemble
2026-06-26 22:00:00,27387.291,28414.5,26249.8181486285,26024.12670898437,26662.808424847055,Weighted_Ensemble
2026-06-26 23:00:00,25591.025,26388.5,24218.78135674666,24360.72241210937,24831.028828444258,Weighted_Ensemble
2026-06-27 00:00:00,24162.059,24910.0,23132.28325935717,22953.83317057292,23513.29293262883,Weighted_Ensemble
2026-06-27 01:00:00,23292.172,24248.5,22358.31480891885,22052.40991210937,22664.176571407406,Weighted_Ensemble
2026-06-27 02:00:00,21858.164,22753.5,21282.682683638563,21628.365804036457,21618.210461206778,Weighted_Ensemble
2026-06-27 03:00:00,21118.566,21826.0,20179.0721577788,21382.491861979168,20902.74729491461,Weighted_Ensemble
2026-06-27 04:00:00,20328.395,20679.5,19114.0724029272,21265.502360026043,20213.492330407113,Weighted_Ensemble
2026-06-27 05:00:00,20344.422,19874.0,19062.1756894472,21457.126383463543,20256.9987647975,Weighted_Ensemble
2026-06-27 06:00:00,20877.791,20002.0,20353.334394399804,22122.9228515625,21059.495855933164,Weighted_Ensemble
2026-06-27 07:00:00,22015.271,20499.0,21794.74283803007,23076.639729817707,22239.712794924762,Weighted_Ensemble
2026-06-27 08:00:00,21643.266,20466.5,21923.034846855942,23834.730875651043,22332.393714587757,Weighted_Ensemble
2026-06-27 09:00:00,21476.9,19731.5,21001.53597653941,23847.914713541668,21983.590740199477,Weighted_Ensemble
2026-06-27 10:00:00,19883.66,18539.0,19168.003365487515,23087.55582682292,20545.830101544292,Weighted_Ensemble
2026-06-27 11:00:00,19226.418,17514.575,17766.326702354727,22072.091064453125,19561.40785958288,Weighted_Ensemble
2026-06-27 12:00:00,19005.102,17514.575,17364.71152859483,21219.822428385414,19111.05483084327,Weighted_Ensemble
2026-06-27 13:00:00,18559.086,17514.575,17162.923811411853,20564.385660807293,18682.382542598305,Weighted_Ensemble
2026-06-27 14:00:00,18468.34,17514.575,17360.322799910722,20105.602213541668,18578.803611935647,Weighted_Ensemble
2026-06-27 15:00:00,18316.967,17514.575,17499.255234363074,19894.860758463543,18500.2257326301,Weighted_Ensemble
2026-06-27 16:00:00,19882.818,19488.5,19051.176138116127,20261.65315755208,19731.744865599307,Weighted_Ensemble
2026-06-27 17:00:00,21531.992,22245.5,21897.027289453083,21355.523844401043,21595.49954336904,Weighted_Ensemble
2026-06-27 18:00:00,23629.838,24698.5,23651.969231446717,22977.811442057293,23457.155472727416,Weighted_Ensemble
2026-06-27 19:00:00,25670.873,25958.5,24528.062546202786,24567.280192057293,25016.201579306293,Weighted_Ensemble
2026-06-27 20:00:00,25659.004,25710.5,24992.215969675613,25563.306884765625,25427.92801465982,Weighted_Ensemble
2026-06-27 21:00:00,25060.975,25590.0,25134.055828936136,25659.228678385414,25248.090355603064,Weighted_Ensemble
2026-06-27 22:00:00,24890.033,25037.5,24654.68310396495,24926.989664713543,24827.94262556567,Weighted_Ensemble
2026-06-27 23:00:00,23144.123,23826.0,22515.762550223302,23612.475830078125,23080.10727534371,Weighted_Ensemble
2026-06-28 00:00:00,22168.602,22765.5,21101.140229360797,22228.2529296875,21857.262292200972,Weighted_Ensemble
2026-06-28 01:00:00,21181.52,21024.5,20447.26944029477,21132.367350260414,20942.541850191785,Weighted_Ensemble
2026-06-28 02:00:00,20079.908,19974.0,19215.82654595251,20409.164306640625,19905.227285504203,Weighted_Ensemble
2026-06-28 03:00:00,19539.24,18916.0,18182.112734352308,20028.16357421875,19257.122051731145,Weighted_Ensemble
2026-06-28 04:00:00,18509.076,18466.5,17185.263975173963,19674.604085286457,18423.4305325358,Weighted_Ensemble
2026-06-28 05:00:00,18076.621,17893.5,16632.46738667683,19317.133219401043,17974.66543832983,Weighted_Ensemble
2026-06-28 06:00:00,17899.361,17776.5,17089.970069449428,19160.589762369797,17998.008919062348,Weighted_Ensemble
2026-06-28 07:00:00,18149.076,17567.5,17733.479832666115,19358.076009114586,18354.260255725265,Weighted_Ensemble
2026-06-28 08:00:00,18235.885,17514.575,18073.963391701796,19750.57698567708,18603.104121205728,Weighted_Ensemble
2026-06-28 09:00:00,17826.475,17514.575,17725.92073907859,19971.774495442707,18386.118670049484,Weighted_Ensemble
2026-06-28 10:00:00,17323.85,17514.575,16828.014533696674,19837.173095703125,17863.427097858617,Weighted_Ensemble
2026-06-28 11:00:00,16538.215,17514.575,16075.782021987232,19395.109944661457,17182.62029058241,Weighted_Ensemble
2026-06-28 12:00:00,16651.816,17514.575,16487.787043610944,18898.25927734375,17219.81104283003,Weighted_Ensemble
2026-06-28 13:00:00,16462.43,17514.575,16786.996712346623,18503.36832682292,17123.87853003109,Weighted_Ensemble
2026-06-28 14:00:00,16474.816,17514.575,16950.737336430175,18271.649007161457,17115.544481963694,Weighted_Ensemble
2026-06-28 15:00:00,16411.86,17514.575,17097.01559444919,18293.94685872396,17140.300020305272,Weighted_Ensemble
2026-06-28 16:00:00,17341.533,17514.575,18805.58662603881,18811.407145182293,18195.663843114085,Weighted_Ensemble
2026-06-28 17:00:00,19110.062,19076.5,21321.994494001985,19907.655192057293,20008.772592770576,Weighted_Ensemble
2026-06-28 18:00:00,21700.098,21136.5,23610.63006219693,21527.35660807292,22239.169178847693,Weighted_Ensemble
2026-06-28 19:00:00,24475.098,23551.0,24909.77181114349,23254.345377604168,24272.536406401123,Weighted_Ensemble
2026-06-28 20:00:00,24406.23,24005.0,24916.76179440473,24551.939534505207,24603.09470871825,Weighted_Ensemble
2026-06-28 21:00:00,24314.158,23770.5,24680.387757253746,25024.313069661457,24622.085556601793,Weighted_Ensemble
2026-06-28 22:00:00,23514.754,23286.0,24115.628379426667,24570.84920247396,23989.952134649688,Weighted_Ensemble
2026-06-28 23:00:00,22234.467,21868.5,22555.920210915,23416.286214192707,22658.47711006165,Weighted_Ensemble
2026-06-29 00:00:00,21673.422,20765.0,21704.074450325075,21968.781656901043,21764.13484468938,Weighted_Ensemble
2026-06-29 01:00:00,20819.361,19995.0,20977.58937059538,20660.42106119792,20824.194256988616,Weighted_Ensemble
2026-06-29 02:00:00,19751.475,19132.5,20454.289372181964,19800.45198567708,19980.75245691461,Weighted_Ensemble
2026-06-29 03:00:00,19034.031,18984.5,20005.476223303605,19271.95483398437,19397.800142760734,Weighted_Ensemble
2026-06-29 04:00:00,18821.95,18318.0,20105.781746391283,18818.72241210937,19215.25630606701,Weighted_Ensemble
2026-06-29 05:00:00,18966.764,18467.0,20327.854048659105,18388.427734375,19225.486829478687,Weighted_Ensemble
2026-06-29 06:00:00,21471.924,19770.0,21773.468276149797,18252.23999023437,20678.25669071434,Weighted_Ensemble
2026-06-29 07:00:00,23400.424,21563.5,23352.0987211887,18716.95092773437,22096.406021368246,Weighted_Ensemble
2026-06-29 08:00:00,23647.25,22135.0,23906.169930942466,19592.660237630207,22610.677650993315,Weighted_Ensemble
2026-06-29 09:00:00,22721.92,22058.5,23833.050350938272,20293.544189453125,22394.6491351913,Weighted_Ensemble
2026-06-29 10:00:00,21503.709,21370.5,23630.933824810956,20433.13004557292,21862.174579681847,Weighted_Ensemble
2026-06-29 11:00:00,22013.26,21056.5,23491.147901623277,20115.630859375,21944.69451943893,Weighted_Ensemble
2026-06-29 12:00:00,21000.18,20720.0,23442.01707303849,19710.76708984375,21395.009281505456,Weighted_Ensemble
2026-06-29 13:00:00,20857.848,20616.5,23116.20044251513,19458.006429036457,21165.9423936618,Weighted_Ensemble
2026-06-29 14:00:00,20898.5,21139.0,23060.29300091215,19444.222737630207,21161.96220221727,Weighted_Ensemble
2026-06-29 15:00:00,21311.443,21661.0,23411.65176857272,19847.62581380208,21553.370068001357,Weighted_Ensemble
2026-06-29 16:00:00,23327.582,23354.5,24034.39054442538,20877.196533203125,22870.107539953737,Weighted_Ensemble
2026-06-29 17:00:00,26886.143,25612.0,25896.083122293523,22616.37581380208,25406.846979275062,Weighted_Ensemble
2026-06-29 18:00:00,27583.219,26682.0,27034.21291776071,24608.124674479168,26595.720174766087,Weighted_Ensemble
2026-06-29 19:00:00,28109.541,27322.0,28319.286312694418,26062.752197265625,27610.54015210682,Weighted_Ensemble
2026-06-29 20:00:00,28150.795,26989.5,28014.797464059026,26475.411376953125,27647.868927214622,Weighted_Ensemble
2026-06-29 21:00:00,27576.32,26536.5,27245.589326808826,25807.701578776043,26987.93804498081,Weighted_Ensemble
2026-06-29 22:00:00,26608.602,25191.5,26247.373675154075,24393.807373046875,25888.040737943385,Weighted_Ensemble
2026-06-29 23:00:00,23975.412,23793.5,24181.415291045745,22777.267740885414,23708.861368895992,Weighted_Ensemble
2026-06-30 00:00:00,22994.256,22568.5,23162.00410698777,21472.088216145832,22626.768079315407,Weighted_Ensemble
2026-06-30 01:00:00,22062.797,21685.5,22560.946236828942,20627.193019701088,21820.584937542837,Weighted_Ensemble
2026-06-30 02:00:00,21176.527,21432.0,21611.554781557228,20162.982510653408,21031.110517226145,Weighted_Ensemble
2026-06-30 03:00:00,20433.557,20392.5,21179.622350215017,19858.890066964286,20504.44930083964,Weighted_Ensemble
2026-06-30 04:00:00,20071.406,19670.0,20595.01315456975,19763.15087890625,20147.326437523014,Weighted_Ensemble
2026-06-30 05:00:00,20253.92,19913.0,20794.610995546864,20239.49064555921,20415.964881058688,Weighted_Ensemble
2026-06-30 06:00:00,22705.33,22136.0,22299.00748429661,21476.434678819445,22242.30291258049,Weighted_Ensemble
2026-06-30 07:00:00,23897.584,24416.0,24189.456149259117,23053.715418198528,23754.917475509126,Weighted_Ensemble
2026-06-30 08:00:00,24420.576,25228.0,24828.52455413263,24103.660888671875,24458.60022477342,Weighted_Ensemble
2026-06-30 09:00:00,24375.209,25034.5,24543.548675152502,24136.306510416667,24361.136274036824,Weighted_Ensemble
2026-06-30 10:00:00,23463.438,23911.0,23636.00878315954,23353.66866629464,23486.20980549486,Weighted_Ensemble
2026-06-30 11:00:00,22611.57,23041.0,23207.58412308157,22313.183743990383,22712.439188849177,Weighted_Ensemble
2026-06-30 12:00:00,21732.66,22580.0,22635.5748701258,21482.3271484375,21940.9889297017,Weighted_Ensemble
2026-06-30 13:00:00,22038.121,22000.0,22326.207689325216,21058.747514204544,21856.992881202255,Weighted_Ensemble
2026-06-30 14:00:00,21906.08,21468.0,22476.227167802983,21127.1287109375,21866.725795305618,Weighted_Ensemble
2026-06-30 15:00:00,22143.793,21964.0,23633.16588927038,21727.286024305555,22486.44987249407,Weighted_Ensemble
2026-06-30 16:00:00,24522.293,23387.0,25011.821393485698,23149.54150390625,24294.734816930424,Weighted_Ensemble
2026-06-30 17:00:00,26609.912,25961.5,27136.18786593022,25120.05859375,26361.40331243448,Weighted_Ensemble
2026-06-30 18:00:00,27710.955,27265.5,28635.33568681695,26856.051106770832,27759.45976741179,Weighted_Ensemble
2026-06-30 19:00:00,29148.357,27949.5,29571.27790040872,27761.81484375,28896.551249056465,Weighted_Ensemble
2026-06-30 20:00:00,28896.963,27865.5,29291.63150528094,27655.783203125,28676.495142886262,Weighted_Ensemble
2026-06-30 21:00:00,28102.291,27258.5,28235.90942328667,26702.236328125,27757.936755051127,Weighted_Ensemble
2026-06-30 22:00:00,26908.992,25832.0,26779.495095802467,25274.8857421875,26419.423987144528,Weighted_Ensemble
2026-06-30 23:00:00,24950.148,23746.5,24958.274664786488,23930.4453125,24671.958343258397,Weighted_Ensemble
