timestamp,demand_mw,model,predicted_demand_mw
2026-06-01 00:00:00,21075.5,SARIMAX,19358.008727980032
2026-06-01 01:00:00,20682.0,SARIMAX,18521.457611375285
2026-06-01 02:00:00,20003.5,SARIMAX,17655.974609785666
2026-06-01 03:00:00,19222.5,SARIMAX,16995.295845911256
2026-06-01 04:00:00,18895.0,SARIMAX,16497.677715486356
2026-06-01 05:00:00,18996.5,SARIMAX,15958.56753009161
2026-06-01 06:00:00,20763.0,SARIMAX,16387.62940409295
2026-06-01 07:00:00,23156.5,SARIMAX,16763.44615486214
2026-06-01 08:00:00,24189.0,SARIMAX,17020.78167993423
2026-06-01 09:00:00,24729.0,SARIMAX,16601.64295061209
2026-06-01 10:00:00,24279.0,SARIMAX,15956.953594883626
2026-06-01 11:00:00,24818.5,SARIMAX,15668.317588244037
2026-06-01 12:00:00,24963.0,SARIMAX,15412.77850672782
2026-06-01 13:00:00,24940.0,SARIMAX,15001.144698502354
2026-06-01 14:00:00,25241.0,SARIMAX,14661.894976368609
2026-06-01 15:00:00,25562.5,SARIMAX,15226.917700478662
2026-06-01 16:00:00,27752.5,SARIMAX,17049.286417330248
2026-06-01 17:00:00,29049.5,SARIMAX,19514.387452149575
2026-06-01 18:00:00,28798.0,SARIMAX,21179.912523735577
2026-06-01 19:00:00,28091.5,SARIMAX,22216.80497137022
2026-06-01 20:00:00,27544.0,SARIMAX,22301.476696873266
2026-06-01 21:00:00,27010.5,SARIMAX,22148.055406862466
2026-06-01 22:00:00,25332.5,SARIMAX,21173.583758446577
2026-06-01 23:00:00,23027.0,SARIMAX,19560.762163123964
2026-06-02 00:00:00,21930.5,SARIMAX,18664.938231228778
2026-06-02 01:00:00,21600.0,SARIMAX,17877.883722675833
2026-06-02 02:00:00,21015.5,SARIMAX,17083.331932852747
2026-06-02 03:00:00,20508.0,SARIMAX,16463.837008163686
2026-06-02 04:00:00,19826.5,SARIMAX,15983.38980879353
2026-06-02 05:00:00,19924.5,SARIMAX,15463.2099264335
2026-06-02 06:00:00,22074.0,SARIMAX,15906.975009362939
2026-06-02 07:00:00,25404.5,SARIMAX,16306.414951927618
2026-06-02 08:00:00,25947.0,SARIMAX,16578.67014115961
2026-06-02 09:00:00,25329.5,SARIMAX,16248.25133637984
2026-06-02 10:00:00,24117.5,SARIMAX,15642.762230109462
2026-06-02 11:00:00,23500.0,SARIMAX,15394.727601148928
2026-06-02 12:00:00,22445.0,SARIMAX,15087.521635070203
2026-06-02 13:00:00,21762.0,SARIMAX,14742.86326798267
2026-06-02 14:00:00,21769.5,SARIMAX,14417.613827678397
2026-06-02 15:00:00,21552.0,SARIMAX,14968.717660685968
2026-06-02 16:00:00,23145.0,SARIMAX,16692.44829705953
2026-06-02 17:00:00,25104.5,SARIMAX,19081.237082514668
2026-06-02 18:00:00,26218.0,SARIMAX,20725.954073052235
2026-06-02 19:00:00,26914.5,SARIMAX,21632.162094475534
2026-06-02 20:00:00,26746.5,SARIMAX,21728.770620934993
2026-06-02 21:00:00,26728.0,SARIMAX,21580.88686455746
2026-06-02 22:00:00,25453.0,SARIMAX,20713.955732181712
2026-06-02 23:00:00,22547.0,SARIMAX,19192.360013115616
2026-06-03 00:00:00,21384.0,SARIMAX,18332.962687656316
2026-06-03 01:00:00,21140.0,SARIMAX,17580.519960421832
2026-06-03 02:00:00,20210.0,SARIMAX,16806.985585992843
2026-06-03 03:00:00,19704.0,SARIMAX,16183.737336014887
2026-06-03 04:00:00,19040.0,SARIMAX,15728.641016397192
2026-06-03 05:00:00,19057.5,SARIMAX,15237.848935518943
2026-06-03 06:00:00,21126.0,SARIMAX,15645.882029605289
2026-06-03 07:00:00,24086.0,SARIMAX,15983.101229127495
2026-06-03 08:00:00,25342.5,SARIMAX,16224.374600660562
2026-06-03 09:00:00,26299.5,SARIMAX,15891.149823725338
2026-06-03 10:00:00,26213.0,SARIMAX,15354.932795136145
2026-06-03 11:00:00,25911.5,SARIMAX,15158.922982240472
2026-06-03 12:00:00,24563.5,SARIMAX,14921.433860491892
2026-06-03 13:00:00,22902.5,SARIMAX,14534.230077668353
2026-06-03 14:00:00,21145.0,SARIMAX,14160.548521095785
2026-06-03 15:00:00,20743.0,SARIMAX,14627.93203933831
2026-06-03 16:00:00,22189.0,SARIMAX,16216.803017074359
2026-06-03 17:00:00,23904.5,SARIMAX,18567.99086287216
2026-06-03 18:00:00,25099.0,SARIMAX,20148.34443578512
2026-06-03 19:00:00,26383.0,SARIMAX,21020.970013503775
2026-06-03 20:00:00,26006.5,SARIMAX,21219.323445238777
2026-06-03 21:00:00,25381.5,SARIMAX,21073.729970746786
2026-06-03 22:00:00,23538.5,SARIMAX,20213.999335734865
2026-06-03 23:00:00,21266.0,SARIMAX,18725.142138190782
2026-06-04 00:00:00,20409.5,SARIMAX,17874.896724429578
2026-06-04 01:00:00,19849.0,SARIMAX,17161.498928605863
2026-06-04 02:00:00,19280.5,SARIMAX,16396.547016799286
2026-06-04 03:00:00,18286.0,SARIMAX,15787.729432324668
2026-06-04 04:00:00,17751.5,SARIMAX,15333.739388358916
2026-06-04 05:00:00,17449.0,SARIMAX,14852.43708232435
2026-06-04 06:00:00,20432.0,SARIMAX,15250.792740573865
2026-06-04 07:00:00,23099.5,SARIMAX,15591.190867255102
2026-06-04 08:00:00,23843.5,SARIMAX,15869.473235296457
2026-06-04 09:00:00,23829.5,SARIMAX,15562.276107341158
2026-06-04 10:00:00,22822.0,SARIMAX,15078.07147960749
2026-06-04 11:00:00,21901.0,SARIMAX,14860.57045295131
2026-06-04 12:00:00,21206.0,SARIMAX,14528.211716008254
2026-06-04 13:00:00,19623.0,SARIMAX,14116.365943326933
2026-06-04 14:00:00,18705.0,SARIMAX,13792.580233770068
2026-06-04 15:00:00,19603.0,SARIMAX,14296.765697537101
2026-06-04 16:00:00,20867.5,SARIMAX,15909.915484498466
2026-06-04 17:00:00,23011.5,SARIMAX,18103.292575311745
2026-06-04 18:00:00,24926.0,SARIMAX,19574.037252005794
2026-06-04 19:00:00,25965.0,SARIMAX,20448.222854520922
2026-06-04 20:00:00,25976.0,SARIMAX,20598.766414843358
2026-06-04 21:00:00,24863.5,SARIMAX,20461.382757364183
2026-06-04 22:00:00,23477.5,SARIMAX,19635.57550865167
2026-06-04 23:00:00,21219.5,SARIMAX,18230.915949574068
2026-06-05 00:00:00,20791.5,SARIMAX,17434.887765273936
2026-06-05 01:00:00,19855.5,SARIMAX,16739.75370694689
2026-06-05 02:00:00,19100.5,SARIMAX,16032.292288030088
2026-06-05 03:00:00,18360.0,SARIMAX,15466.414931001724
2026-06-05 04:00:00,17695.5,SARIMAX,15051.288293554135
2026-06-05 05:00:00,17812.0,SARIMAX,14603.8389184202
2026-06-05 06:00:00,20105.5,SARIMAX,15010.198466737947
2026-06-05 07:00:00,22724.5,SARIMAX,15301.366561616243
2026-06-05 08:00:00,22593.0,SARIMAX,15512.35099017744
2026-06-05 09:00:00,21779.5,SARIMAX,15189.126825524907
2026-06-05 10:00:00,21188.5,SARIMAX,14648.50745656606
2026-06-05 11:00:00,20662.5,SARIMAX,14430.567745108525
2026-06-05 12:00:00,20605.5,SARIMAX,14143.487907782277
2026-06-05 13:00:00,19885.0,SARIMAX,13801.815362829268
2026-06-05 14:00:00,19502.0,SARIMAX,13582.761435870934
2026-06-05 15:00:00,20287.0,SARIMAX,14078.264178717513
2026-06-05 16:00:00,22215.5,SARIMAX,15605.141323745142
2026-06-05 17:00:00,24599.5,SARIMAX,17668.02121283623
2026-06-05 18:00:00,25754.0,SARIMAX,19104.44194042403
2026-06-05 19:00:00,26711.0,SARIMAX,19908.56593526891
2026-06-05 20:00:00,25915.5,SARIMAX,20038.126150038184
2026-06-05 21:00:00,25760.5,SARIMAX,19917.193109931683
2026-06-05 22:00:00,24019.0,SARIMAX,19124.091490752606
2026-06-05 23:00:00,21456.5,SARIMAX,17771.89388206601
2026-06-06 00:00:00,20414.0,SARIMAX,16998.726337291217
2026-06-06 01:00:00,19475.5,SARIMAX,16346.023398310372
2026-06-06 02:00:00,18837.5,SARIMAX,15628.316125968031
2026-06-06 03:00:00,18001.0,SARIMAX,15069.672988897464
2026-06-06 04:00:00,17460.0,SARIMAX,14642.891412759509
2026-06-06 05:00:00,16946.0,SARIMAX,14179.090831181498
2026-06-06 06:00:00,17631.5,SARIMAX,14547.860499642497
2026-06-06 07:00:00,19255.5,SARIMAX,14882.393268059708
2026-06-06 08:00:00,20526.0,SARIMAX,15122.478353238013
2026-06-06 09:00:00,21065.0,SARIMAX,14795.740767734222
2026-06-06 10:00:00,21196.5,SARIMAX,14333.780590765013
2026-06-06 11:00:00,21076.5,SARIMAX,14136.685911142253
2026-06-06 12:00:00,20657.5,SARIMAX,13854.740810438027
2026-06-06 13:00:00,20301.0,SARIMAX,13533.614279450878
2026-06-06 14:00:00,20489.0,SARIMAX,13269.854292411514
2026-06-06 15:00:00,20989.5,SARIMAX,13714.052278839661
2026-06-06 16:00:00,22345.5,SARIMAX,15135.765385204495
2026-06-06 17:00:00,24264.0,SARIMAX,17116.1814361124
2026-06-06 18:00:00,25301.5,SARIMAX,18467.56778319701
2026-06-06 19:00:00,25543.0,SARIMAX,19277.511347394888
2026-06-06 20:00:00,24888.0,SARIMAX,19349.7396977075
2026-06-06 21:00:00,24331.5,SARIMAX,19192.818413038258
2026-06-06 22:00:00,22988.5,SARIMAX,18449.74316003192
2026-06-06 23:00:00,20695.0,SARIMAX,17148.93537043034
2026-06-07 00:00:00,19596.5,SARIMAX,16416.46799868858
2026-06-07 01:00:00,18447.0,SARIMAX,15783.566092668065
2026-06-07 02:00:00,17645.0,SARIMAX,15135.174546849714
2026-06-07 03:00:00,16767.5,SARIMAX,14653.995590564291
2026-06-07 04:00:00,16349.0,SARIMAX,14289.69084847121
2026-06-07 05:00:00,15723.5,SARIMAX,13856.630505888344
2026-06-07 06:00:00,15724.0,SARIMAX,14183.005729151058
2026-06-07 07:00:00,16087.5,SARIMAX,14447.266082502128
2026-06-07 08:00:00,17107.0,SARIMAX,14635.37379879746
2026-06-07 09:00:00,17365.5,SARIMAX,14317.116777671117
2026-06-07 10:00:00,17934.0,SARIMAX,13805.916220349485
2026-06-07 11:00:00,17672.0,SARIMAX,13579.304533362078
2026-06-07 12:00:00,17797.5,SARIMAX,13345.446575307806
2026-06-07 13:00:00,17497.0,SARIMAX,13069.19566805217
2026-06-07 14:00:00,17246.5,SARIMAX,12807.568423076355
2026-06-07 15:00:00,17947.0,SARIMAX,13246.099786425897
2026-06-07 16:00:00,20637.0,SARIMAX,14600.874245560755
2026-06-07 17:00:00,23300.0,SARIMAX,16533.537106426462
2026-06-07 18:00:00,24684.5,SARIMAX,17884.393097096945
2026-06-07 19:00:00,25130.0,SARIMAX,18665.572782752293
2026-06-07 20:00:00,24700.0,SARIMAX,18790.91970727702
2026-06-07 21:00:00,23731.5,SARIMAX,18640.800891402658
2026-06-07 22:00:00,22095.5,SARIMAX,17928.433126225475
2026-06-07 23:00:00,20247.0,SARIMAX,16720.44720318328
2026-06-08 00:00:00,19059.5,SARIMAX,15350.386551553995
2026-06-08 01:00:00,18753.5,SARIMAX,14775.781507791255
2026-06-08 02:00:00,18270.5,SARIMAX,14169.53497572581
2026-06-08 03:00:00,17576.0,SARIMAX,13688.730113200154
2026-06-08 04:00:00,17450.5,SARIMAX,13324.22730038579
2026-06-08 05:00:00,18120.5,SARIMAX,12925.454717873317
2026-06-08 06:00:00,21261.5,SARIMAX,13259.885599789062
2026-06-08 07:00:00,25364.5,SARIMAX,13586.86223390828
2026-06-08 08:00:00,26933.0,SARIMAX,13825.01045962953
2026-06-08 09:00:00,27222.5,SARIMAX,13583.752844416344
2026-06-08 10:00:00,25993.5,SARIMAX,13141.418560117054
2026-06-08 11:00:00,24923.0,SARIMAX,12920.939133254857
2026-06-08 12:00:00,23546.5,SARIMAX,12668.66480338315
2026-06-08 13:00:00,22065.5,SARIMAX,12335.594525160472
2026-06-08 14:00:00,20773.0,SARIMAX,12089.004964079546
2026-06-08 15:00:00,20001.0,SARIMAX,12504.538260733547
2026-06-08 16:00:00,20644.0,SARIMAX,13780.226011322293
2026-06-08 17:00:00,22958.5,SARIMAX,15591.033189812035
2026-06-08 18:00:00,24556.5,SARIMAX,16826.08911553467
2026-06-08 19:00:00,26176.5,SARIMAX,17455.138360074918
2026-06-08 20:00:00,26175.5,SARIMAX,17575.60898853569
2026-06-08 21:00:00,26219.5,SARIMAX,17504.394379071047
2026-06-08 22:00:00,24439.5,SARIMAX,16886.28105737232
2026-06-08 23:00:00,21687.0,SARIMAX,15787.47700097949
2026-06-09 00:00:00,21128.0,SARIMAX,15172.623383092921
2026-06-09 01:00:00,20617.0,SARIMAX,14644.573330015308
2026-06-09 02:00:00,19755.5,SARIMAX,14071.446552040694
2026-06-09 03:00:00,19060.5,SARIMAX,13621.08091621571
2026-06-09 04:00:00,18562.5,SARIMAX,13274.630896795346
2026-06-09 05:00:00,18830.5,SARIMAX,12888.77932827509
2026-06-09 06:00:00,21186.5,SARIMAX,13185.295045952987
2026-06-09 07:00:00,23217.0,SARIMAX,13421.02048660836
2026-06-09 08:00:00,22746.0,SARIMAX,13602.751034421899
2026-06-09 09:00:00,22111.5,SARIMAX,13313.160539940185
2026-06-09 10:00:00,20488.5,SARIMAX,12835.363991726072
2026-06-09 11:00:00,19337.0,SARIMAX,12642.194099505019
2026-06-09 12:00:00,18822.5,SARIMAX,12417.291744790162
2026-06-09 13:00:00,18361.5,SARIMAX,12145.129583323032
2026-06-09 14:00:00,17898.5,SARIMAX,11943.948950086176
2026-06-09 15:00:00,18195.5,SARIMAX,12284.052251560874
2026-06-09 16:00:00,20269.5,SARIMAX,13565.51543247996
2026-06-09 17:00:00,23183.5,SARIMAX,15322.90010472094
2026-06-09 18:00:00,25589.0,SARIMAX,16469.604737428625
2026-06-09 19:00:00,26462.5,SARIMAX,17119.357745258225
2026-06-09 20:00:00,25942.5,SARIMAX,17221.574718980315
2026-06-09 21:00:00,25778.5,SARIMAX,17137.328368397288
2026-06-09 22:00:00,24351.0,SARIMAX,16527.194880406965
2026-06-09 23:00:00,22588.0,SARIMAX,15461.849974352022
2026-06-10 00:00:00,21742.5,SARIMAX,14862.807380678803
2026-06-10 01:00:00,21249.5,SARIMAX,14357.43037580704
2026-06-10 02:00:00,20824.0,SARIMAX,13813.690871301065
2026-06-10 03:00:00,19918.5,SARIMAX,13375.624685243047
2026-06-10 04:00:00,19559.5,SARIMAX,13035.360337950968
2026-06-10 05:00:00,19289.5,SARIMAX,12665.103136599388
2026-06-10 06:00:00,21880.5,SARIMAX,12950.030044635225
2026-06-10 07:00:00,23884.5,SARIMAX,13163.679564053618
2026-06-10 08:00:00,24575.0,SARIMAX,13329.229392334862
2026-06-10 09:00:00,23982.0,SARIMAX,13030.86064425312
2026-06-10 10:00:00,23469.5,SARIMAX,12564.860502165238
2026-06-10 11:00:00,22138.5,SARIMAX,12360.982916899478
2026-06-10 12:00:00,21648.5,SARIMAX,12225.032317383317
2026-06-10 13:00:00,20949.0,SARIMAX,11934.90263838337
2026-06-10 14:00:00,20733.0,SARIMAX,11661.115159974957
2026-06-10 15:00:00,20970.0,SARIMAX,12031.877265286983
2026-06-10 16:00:00,22684.0,SARIMAX,13246.605738898033
2026-06-10 17:00:00,25131.0,SARIMAX,14865.029889423056
2026-06-10 18:00:00,26207.0,SARIMAX,16008.924845580996
2026-06-10 19:00:00,26991.5,SARIMAX,16646.339233560608
2026-06-10 20:00:00,26970.0,SARIMAX,16718.505389552214
2026-06-10 21:00:00,26913.0,SARIMAX,16629.71015413296
2026-06-10 22:00:00,25214.5,SARIMAX,16062.265855827492
2026-06-10 23:00:00,22971.5,SARIMAX,15042.48022764794
2026-06-11 00:00:00,22178.0,SARIMAX,14473.54654947695
2026-06-11 01:00:00,21617.0,SARIMAX,13986.740218153613
2026-06-11 02:00:00,20788.0,SARIMAX,13463.101000739605
2026-06-11 03:00:00,20242.5,SARIMAX,13018.052298530849
2026-06-11 04:00:00,20081.0,SARIMAX,12672.295950863345
2026-06-11 05:00:00,19649.5,SARIMAX,12297.97536072483
2026-06-11 06:00:00,21664.0,SARIMAX,12564.710912203076
2026-06-11 07:00:00,25409.0,SARIMAX,12805.04255503097
2026-06-11 08:00:00,27321.5,SARIMAX,12998.884382193979
2026-06-11 09:00:00,28396.5,SARIMAX,12763.821787101202
2026-06-11 10:00:00,28734.0,SARIMAX,12376.122041690685
2026-06-11 11:00:00,29257.0,SARIMAX,12256.0612835009
2026-06-11 12:00:00,28818.5,SARIMAX,12069.11464084146
2026-06-11 13:00:00,27653.0,SARIMAX,11795.648411639933
2026-06-11 14:00:00,27415.5,SARIMAX,11549.54604187827
2026-06-11 15:00:00,27446.0,SARIMAX,11883.295738056593
2026-06-11 16:00:00,28550.0,SARIMAX,12973.600705163606
2026-06-11 17:00:00,29115.0,SARIMAX,14480.74917907835
2026-06-11 18:00:00,29110.5,SARIMAX,15487.512540992031
2026-06-11 19:00:00,28573.0,SARIMAX,16019.731319428056
2026-06-11 20:00:00,27622.5,SARIMAX,16050.225224789116
2026-06-11 21:00:00,26426.0,SARIMAX,15912.884477473772
2026-06-11 22:00:00,24583.5,SARIMAX,15303.218724943217
2026-06-11 23:00:00,22247.5,SARIMAX,14306.077870367473
2026-06-12 00:00:00,20480.0,SARIMAX,13740.411040702365
2026-06-12 01:00:00,19605.5,SARIMAX,13256.820344060829
2026-06-12 02:00:00,18937.5,SARIMAX,12756.177755666009
2026-06-12 03:00:00,18537.5,SARIMAX,12351.116220285809
2026-06-12 04:00:00,18108.0,SARIMAX,12045.479988001387
2026-06-12 05:00:00,18123.0,SARIMAX,11715.739580651016
2026-06-12 06:00:00,20560.0,SARIMAX,11997.795526007369
2026-06-12 07:00:00,23547.0,SARIMAX,12222.677962574555
2026-06-12 08:00:00,24329.0,SARIMAX,12401.500230193973
2026-06-12 09:00:00,24429.0,SARIMAX,12186.851573832042
2026-06-12 10:00:00,23598.0,SARIMAX,11806.659669484476
2026-06-12 11:00:00,22235.0,SARIMAX,11665.367192532407
2026-06-12 12:00:00,20848.5,SARIMAX,11482.533215195706
2026-06-12 13:00:00,19376.5,SARIMAX,11159.084797522182
2026-06-12 14:00:00,17479.0,SARIMAX,10945.699665784397
2026-06-12 15:00:00,16470.0,SARIMAX,11319.086217585234
2026-06-12 16:00:00,17625.0,SARIMAX,12384.384208290681
2026-06-12 17:00:00,20188.5,SARIMAX,13907.193279075229
2026-06-12 18:00:00,21874.5,SARIMAX,14924.21122047035
2026-06-12 19:00:00,24489.0,SARIMAX,15490.902940352902
2026-06-12 20:00:00,24263.5,SARIMAX,15603.624842802232
2026-06-12 21:00:00,23904.5,SARIMAX,15526.89941172406
2026-06-12 22:00:00,23245.0,SARIMAX,14995.966255230484
2026-06-12 23:00:00,20718.5,SARIMAX,14049.071115602545
2026-06-13 00:00:00,19841.5,SARIMAX,13522.818375445688
2026-06-13 01:00:00,18666.0,SARIMAX,13074.21894006933
2026-06-13 02:00:00,17953.0,SARIMAX,12586.497186615534
2026-06-13 03:00:00,17018.5,SARIMAX,12202.72875759517
2026-06-13 04:00:00,16499.0,SARIMAX,11932.464433195635
2026-06-13 05:00:00,15961.0,SARIMAX,11621.880853584293
2026-06-13 06:00:00,16604.5,SARIMAX,11882.775193003632
2026-06-13 07:00:00,16946.5,SARIMAX,12068.004627385088
2026-06-13 08:00:00,17072.0,SARIMAX,12205.999127540217
2026-06-13 09:00:00,16497.5,SARIMAX,11966.353702037977
2026-06-13 10:00:00,15880.5,SARIMAX,11591.711541757355
2026-06-13 11:00:00,14948.0,SARIMAX,11430.325286624471
2026-06-13 12:00:00,14597.0,SARIMAX,11252.149279031071
2026-06-13 13:00:00,13845.5,SARIMAX,10993.940139582865
2026-06-13 14:00:00,13104.5,SARIMAX,10802.19519021675
2026-06-13 15:00:00,13507.5,SARIMAX,11149.070067207049
2026-06-13 16:00:00,15248.5,SARIMAX,12201.8121876135
2026-06-13 17:00:00,18325.5,SARIMAX,13627.222054627298
2026-06-13 18:00:00,21323.5,SARIMAX,14581.33205582978
2026-06-13 19:00:00,23061.0,SARIMAX,15112.859464003339
2026-06-13 20:00:00,23588.0,SARIMAX,15199.621852813214
2026-06-13 21:00:00,23432.5,SARIMAX,15138.35777947488
2026-06-13 22:00:00,23220.5,SARIMAX,14669.087626896207
2026-06-13 23:00:00,21817.0,SARIMAX,13786.477698358085
2026-06-14 00:00:00,21270.5,SARIMAX,13311.024877316773
2026-06-14 01:00:00,20148.5,SARIMAX,12881.612910838823
2026-06-14 02:00:00,19648.0,SARIMAX,12445.284346313838
2026-06-14 03:00:00,18789.0,SARIMAX,12090.270850192219
2026-06-14 04:00:00,18234.0,SARIMAX,11814.061949980996
2026-06-14 05:00:00,17176.5,SARIMAX,11499.94747609141
2026-06-14 06:00:00,16854.0,SARIMAX,11728.445974364153
2026-06-14 07:00:00,16267.0,SARIMAX,11871.694522734031
2026-06-14 08:00:00,16185.0,SARIMAX,11976.130964726513
2026-06-14 09:00:00,16541.0,SARIMAX,11731.89206885866
2026-06-14 10:00:00,16705.5,SARIMAX,11350.146324972171
2026-06-14 11:00:00,16737.5,SARIMAX,11206.47140472704
2026-06-14 12:00:00,16664.5,SARIMAX,11012.703730751715
2026-06-14 13:00:00,16730.5,SARIMAX,10757.021027371844
2026-06-14 14:00:00,16746.0,SARIMAX,10561.66649558011
2026-06-14 15:00:00,17435.0,SARIMAX,10860.251808123085
2026-06-14 16:00:00,19465.0,SARIMAX,11836.455771991778
2026-06-14 17:00:00,22084.0,SARIMAX,13202.006122229184
2026-06-14 18:00:00,24111.0,SARIMAX,14107.680700633737
2026-06-14 19:00:00,25571.5,SARIMAX,14632.453362198989
2026-06-14 20:00:00,25910.0,SARIMAX,14708.615470187473
2026-06-14 21:00:00,25183.0,SARIMAX,14661.607659478768
2026-06-14 22:00:00,23780.5,SARIMAX,14216.812019077195
2026-06-14 23:00:00,22017.0,SARIMAX,13406.273032135492
2026-06-15 00:00:00,21088.5,SARIMAX,12493.517053721673
2026-06-15 01:00:00,20450.5,SARIMAX,12132.479757958077
2026-06-15 02:00:00,19702.5,SARIMAX,11730.747081148607
2026-06-15 03:00:00,19149.0,SARIMAX,11394.299012982037
2026-06-15 04:00:00,18618.5,SARIMAX,11132.730017334978
2026-06-15 05:00:00,18771.5,SARIMAX,10853.969126924345
2026-06-15 06:00:00,21048.5,SARIMAX,11080.251808846126
2026-06-15 07:00:00,24091.0,SARIMAX,11244.867183029131
2026-06-15 08:00:00,24744.0,SARIMAX,11377.096242388809
2026-06-15 09:00:00,23969.5,SARIMAX,11142.179482168442
2026-06-15 10:00:00,22370.5,SARIMAX,10767.632619304713
2026-06-15 11:00:00,22029.5,SARIMAX,10582.57066010217
2026-06-15 12:00:00,21378.5,SARIMAX,10360.223440074129
2026-06-15 13:00:00,20397.5,SARIMAX,10153.106366836195
2026-06-15 14:00:00,20658.0,SARIMAX,9957.596683537879
2026-06-15 15:00:00,21016.5,SARIMAX,10257.840007805644
2026-06-15 16:00:00,23228.5,SARIMAX,11159.299645429432
2026-06-15 17:00:00,25517.0,SARIMAX,12432.692479752039
2026-06-15 18:00:00,27329.0,SARIMAX,13277.769998381318
2026-06-15 19:00:00,28066.0,SARIMAX,13821.896989388342
2026-06-15 20:00:00,27449.0,SARIMAX,13943.200722013917
2026-06-15 21:00:00,26785.5,SARIMAX,13894.086373857155
2026-06-15 22:00:00,25063.5,SARIMAX,13451.03174792307
2026-06-15 23:00:00,23091.0,SARIMAX,12660.7750925662
2026-06-16 00:00:00,22321.0,SARIMAX,12126.379475825459
2026-06-16 01:00:00,21803.5,SARIMAX,11729.611102915904
2026-06-16 02:00:00,21420.0,SARIMAX,11316.874050945196
2026-06-16 03:00:00,21024.5,SARIMAX,10977.944412366824
2026-06-16 04:00:00,19529.0,SARIMAX,10705.069893348495
2026-06-16 05:00:00,19934.0,SARIMAX,10427.68883857733
2026-06-16 06:00:00,21936.0,SARIMAX,10638.577778770412
2026-06-16 07:00:00,25240.5,SARIMAX,10822.749405499482
2026-06-16 08:00:00,25661.0,SARIMAX,10947.565999488284
2026-06-16 09:00:00,25020.5,SARIMAX,10749.139846658094
2026-06-16 10:00:00,23930.5,SARIMAX,10412.616099185585
2026-06-16 11:00:00,23063.5,SARIMAX,10240.32284817111
2026-06-16 12:00:00,22036.5,SARIMAX,10051.922713847267
2026-06-16 13:00:00,21633.5,SARIMAX,9786.048752252418
2026-06-16 14:00:00,22081.0,SARIMAX,9635.25014754341
2026-06-16 15:00:00,23822.5,SARIMAX,9876.539548768927
2026-06-16 16:00:00,25558.0,SARIMAX,10734.23464210858
2026-06-16 17:00:00,27720.0,SARIMAX,11900.597656630509
2026-06-16 18:00:00,28178.0,SARIMAX,12684.511514180273
2026-06-16 19:00:00,27838.5,SARIMAX,13155.715843698626
2026-06-16 20:00:00,27638.5,SARIMAX,13248.808342502234
2026-06-16 21:00:00,27319.5,SARIMAX,13183.02668157099
2026-06-16 22:00:00,25440.5,SARIMAX,12774.969243333258
2026-06-16 23:00:00,23136.5,SARIMAX,12040.18323914731
2026-06-17 00:00:00,21898.0,SARIMAX,11608.480067516879
2026-06-17 01:00:00,21072.0,SARIMAX,11235.485579192842
2026-06-17 02:00:00,20180.5,SARIMAX,10840.580903685417
2026-06-17 03:00:00,19728.0,SARIMAX,10523.111854095867
2026-06-17 04:00:00,19538.5,SARIMAX,10286.208525326565
2026-06-17 05:00:00,19478.5,SARIMAX,10027.39489968214
2026-06-17 06:00:00,22235.0,SARIMAX,10245.103245182423
2026-06-17 07:00:00,25953.0,SARIMAX,10430.319936452215
2026-06-17 08:00:00,26974.5,SARIMAX,10566.382207362547
2026-06-17 09:00:00,25929.0,SARIMAX,10370.039619466
2026-06-17 10:00:00,24905.0,SARIMAX,10056.224750190866
2026-06-17 11:00:00,24042.5,SARIMAX,9926.50479064763
2026-06-17 12:00:00,23678.0,SARIMAX,9749.29335356432
2026-06-17 13:00:00,23306.0,SARIMAX,9522.40402187256
2026-06-17 14:00:00,23243.5,SARIMAX,9369.167331293802
2026-06-17 15:00:00,23808.0,SARIMAX,9629.443131518807
2026-06-17 16:00:00,24762.0,SARIMAX,10451.381051104188
2026-06-17 17:00:00,26618.0,SARIMAX,11583.441723849814
2026-06-17 18:00:00,27069.5,SARIMAX,12332.084293301912
2026-06-17 19:00:00,27711.5,SARIMAX,12785.351074874725
2026-06-17 20:00:00,27324.5,SARIMAX,12881.943447545002
2026-06-17 21:00:00,26565.0,SARIMAX,12841.18222682366
2026-06-17 22:00:00,25531.5,SARIMAX,12457.5805949612
2026-06-17 23:00:00,23728.5,SARIMAX,11760.129834463924
2026-06-18 00:00:00,22535.5,SARIMAX,11367.352348400394
2026-06-18 01:00:00,22392.0,SARIMAX,11023.988901283006
2026-06-18 02:00:00,21536.0,SARIMAX,10661.283403704983
2026-06-18 03:00:00,20273.5,SARIMAX,10361.38861311225
2026-06-18 04:00:00,19273.0,SARIMAX,10118.962751010804
2026-06-18 05:00:00,19306.5,SARIMAX,9865.324270051613
2026-06-18 06:00:00,21186.5,SARIMAX,10062.483211487332
2026-06-18 07:00:00,24699.0,SARIMAX,10208.570311253632
2026-06-18 08:00:00,25845.5,SARIMAX,10312.519896956746
2026-06-18 09:00:00,25648.0,SARIMAX,10113.328956531968
2026-06-18 10:00:00,23923.5,SARIMAX,9799.761059460823
2026-06-18 11:00:00,22419.0,SARIMAX,9657.400030893068
2026-06-18 12:00:00,21791.0,SARIMAX,9481.025793734812
2026-06-18 13:00:00,22080.0,SARIMAX,9310.391461297231
2026-06-18 14:00:00,22913.0,SARIMAX,9147.359359079264
2026-06-18 15:00:00,23780.0,SARIMAX,9396.737780404488
2026-06-18 16:00:00,24250.5,SARIMAX,10181.893557123118
2026-06-18 17:00:00,25614.5,SARIMAX,11275.754218837015
2026-06-18 18:00:00,26640.0,SARIMAX,11975.539121306547
2026-06-18 19:00:00,27643.0,SARIMAX,12375.424591163723
2026-06-18 20:00:00,28276.0,SARIMAX,12428.268172872935
2026-06-18 21:00:00,27199.0,SARIMAX,12381.594353520717
2026-06-18 22:00:00,25644.5,SARIMAX,12050.404845407327
2026-06-18 23:00:00,23441.0,SARIMAX,11401.45241534624
2026-06-19 00:00:00,22656.0,SARIMAX,11040.717229316704
2026-06-19 01:00:00,21643.0,SARIMAX,10719.426730583511
2026-06-19 02:00:00,20431.0,SARIMAX,10372.467267656195
2026-06-19 03:00:00,19359.5,SARIMAX,10078.995786315425
2026-06-19 04:00:00,18536.5,SARIMAX,9862.254447881442
2026-06-19 05:00:00,18444.5,SARIMAX,9622.622703613484
2026-06-19 06:00:00,20177.5,SARIMAX,9797.263340838732
2026-06-19 07:00:00,22514.5,SARIMAX,9929.033319501079
2026-06-19 08:00:00,22350.5,SARIMAX,10022.713359926096
2026-06-19 09:00:00,21579.5,SARIMAX,9817.36183116317
2026-06-19 10:00:00,20612.0,SARIMAX,9514.550744385628
2026-06-19 11:00:00,19918.0,SARIMAX,9366.028405958747
2026-06-19 12:00:00,19712.0,SARIMAX,9196.053871129821
2026-06-19 13:00:00,19524.0,SARIMAX,9002.746019166405
2026-06-19 14:00:00,19631.5,SARIMAX,8889.732727362763
2026-06-19 15:00:00,20737.0,SARIMAX,9141.02459484603
2026-06-19 16:00:00,23092.0,SARIMAX,9922.250062366014
2026-06-19 17:00:00,24829.0,SARIMAX,10967.47363741293
2026-06-19 18:00:00,26373.5,SARIMAX,11683.666767102142
2026-06-19 19:00:00,27075.0,SARIMAX,12112.294159703702
2026-06-19 20:00:00,26261.0,SARIMAX,12176.27508053661
2026-06-19 21:00:00,26939.0,SARIMAX,12134.37953994175
2026-06-19 22:00:00,25756.5,SARIMAX,11786.095313010364
2026-06-19 23:00:00,24106.0,SARIMAX,11165.7947262991
2026-06-20 00:00:00,22614.5,SARIMAX,10802.467426846997
2026-06-20 01:00:00,21765.0,SARIMAX,10502.045392935275
2026-06-20 02:00:00,20799.5,SARIMAX,10163.520972831178
2026-06-20 03:00:00,19886.0,SARIMAX,9893.392270153321
2026-06-20 04:00:00,19088.0,SARIMAX,9698.678785554705
2026-06-20 05:00:00,18707.5,SARIMAX,9475.499412597077
2026-06-20 06:00:00,19247.5,SARIMAX,9655.40404462115
2026-06-20 07:00:00,20044.5,SARIMAX,9796.959039312882
2026-06-20 08:00:00,20929.5,SARIMAX,9897.896764607305
2026-06-20 09:00:00,20706.0,SARIMAX,9725.404176304268
2026-06-20 10:00:00,20207.0,SARIMAX,9441.599296724255
2026-06-20 11:00:00,19532.0,SARIMAX,9302.02603474685
2026-06-20 12:00:00,19095.0,SARIMAX,9149.702476165585
2026-06-20 13:00:00,18640.5,SARIMAX,8954.054956326263
2026-06-20 14:00:00,18292.5,SARIMAX,8820.779005315464
2026-06-20 15:00:00,19152.0,SARIMAX,9077.592282926047
2026-06-20 16:00:00,20738.5,SARIMAX,9828.901628055128
2026-06-20 17:00:00,23139.0,SARIMAX,10848.952560946429
2026-06-20 18:00:00,24278.0,SARIMAX,11512.186255281978
2026-06-20 19:00:00,24929.0,SARIMAX,11907.495354285827
2026-06-20 20:00:00,25281.5,SARIMAX,11971.958362774538
2026-06-20 21:00:00,25016.0,SARIMAX,11961.807313475492
2026-06-20 22:00:00,24919.5,SARIMAX,11657.598799758804
2026-06-20 23:00:00,22918.5,SARIMAX,11056.88582866743
2026-06-21 00:00:00,21842.0,SARIMAX,10734.434325432921
2026-06-21 01:00:00,21337.5,SARIMAX,10460.77849810943
2026-06-21 02:00:00,20369.0,SARIMAX,10137.689909490227
2026-06-21 03:00:00,19437.5,SARIMAX,9874.039841554051
2026-06-21 04:00:00,18680.5,SARIMAX,9673.186790534606
2026-06-21 05:00:00,17908.0,SARIMAX,9452.716500087769
2026-06-21 06:00:00,17588.0,SARIMAX,9606.287218726344
2026-06-21 07:00:00,17738.0,SARIMAX,9708.877194540606
2026-06-21 08:00:00,18047.0,SARIMAX,9749.3697945682
2026-06-21 09:00:00,17821.0,SARIMAX,9534.499407637188
2026-06-21 10:00:00,17592.0,SARIMAX,9225.987432916367
2026-06-21 11:00:00,17443.5,SARIMAX,9064.43885877741
2026-06-21 12:00:00,17473.0,SARIMAX,8898.630067260294
2026-06-21 13:00:00,17304.5,SARIMAX,8707.512285961526
2026-06-21 14:00:00,16917.5,SARIMAX,8554.655415912915
2026-06-21 15:00:00,17734.5,SARIMAX,8787.59155782564
2026-06-21 16:00:00,19484.0,SARIMAX,9492.877143951966
2026-06-21 17:00:00,22041.0,SARIMAX,10418.014139037177
2026-06-21 18:00:00,24272.5,SARIMAX,11045.738767597884
2026-06-21 19:00:00,25742.5,SARIMAX,11412.168920122735
2026-06-21 20:00:00,25867.0,SARIMAX,11485.927992107347
2026-06-21 21:00:00,25534.0,SARIMAX,11488.680039247343
2026-06-21 22:00:00,25191.5,SARIMAX,11211.936849880241
2026-06-21 23:00:00,23129.5,SARIMAX,10646.417468148396
2026-06-22 00:00:00,22412.0,SARIMAX,9887.141336659513
2026-06-22 01:00:00,21898.5,SARIMAX,9634.20273490952
2026-06-22 02:00:00,21233.5,SARIMAX,9355.153018184556
2026-06-22 03:00:00,20357.5,SARIMAX,9128.930546492682
2026-06-22 04:00:00,19780.0,SARIMAX,8953.609664031517
2026-06-22 05:00:00,19420.5,SARIMAX,8752.203691081222
2026-06-22 06:00:00,21339.0,SARIMAX,8915.374557580177
2026-06-22 07:00:00,24088.5,SARIMAX,9023.252769529166
2026-06-22 08:00:00,24562.5,SARIMAX,9086.98794074803
2026-06-22 09:00:00,23318.0,SARIMAX,8887.351720644123
2026-06-22 10:00:00,21836.0,SARIMAX,8599.293626907214
2026-06-22 11:00:00,20745.0,SARIMAX,8454.434735077672
2026-06-22 12:00:00,20573.5,SARIMAX,8302.060702037774
2026-06-22 13:00:00,20482.5,SARIMAX,8113.935437249468
2026-06-22 14:00:00,21049.5,SARIMAX,7971.64617659509
2026-06-22 15:00:00,22492.5,SARIMAX,8173.621390497352
2026-06-22 16:00:00,24501.5,SARIMAX,8824.426406572993
2026-06-22 17:00:00,28019.5,SARIMAX,9720.680295041493
2026-06-22 18:00:00,28868.0,SARIMAX,10313.165672777784
2026-06-22 19:00:00,29886.5,SARIMAX,10685.025834109632
2026-06-22 20:00:00,29037.0,SARIMAX,10734.220680263412
2026-06-22 21:00:00,28041.5,SARIMAX,10710.192160028397
2026-06-22 22:00:00,27033.0,SARIMAX,10432.306919591152
2026-06-22 23:00:00,24515.0,SARIMAX,9908.900797752905
2026-06-23 00:00:00,23747.0,SARIMAX,9615.992599379808
2026-06-23 01:00:00,23310.5,SARIMAX,9371.01334494267
2026-06-23 02:00:00,21963.0,SARIMAX,9101.05553510765
2026-06-23 03:00:00,21443.0,SARIMAX,8882.921271586398
2026-06-23 04:00:00,20929.5,SARIMAX,8712.084584513286
2026-06-23 05:00:00,20975.0,SARIMAX,8509.937341270574
2026-06-23 06:00:00,22903.0,SARIMAX,8645.212109317272
2026-06-23 07:00:00,24985.0,SARIMAX,8721.08750212924
2026-06-23 08:00:00,25643.5,SARIMAX,8769.110445993358
2026-06-23 09:00:00,24837.5,SARIMAX,8567.03516093067
2026-06-23 10:00:00,23184.5,SARIMAX,8274.445336824007
2026-06-23 11:00:00,22195.0,SARIMAX,8096.7007911803075
2026-06-23 12:00:00,21770.5,SARIMAX,7914.727870420484
2026-06-23 13:00:00,21266.0,SARIMAX,7733.294439561935
2026-06-23 14:00:00,21386.5,SARIMAX,7584.795793435886
2026-06-23 15:00:00,22472.5,SARIMAX,7777.229379082145
2026-06-23 16:00:00,24583.0,SARIMAX,8377.335722865617
2026-06-23 17:00:00,27057.5,SARIMAX,9216.33999088173
2026-06-23 18:00:00,28961.5,SARIMAX,9795.710350297333
2026-06-23 19:00:00,29899.0,SARIMAX,10134.09281420406
2026-06-23 20:00:00,29962.0,SARIMAX,10223.491997192486
2026-06-23 21:00:00,29831.5,SARIMAX,10237.01467455975
2026-06-23 22:00:00,28834.0,SARIMAX,9993.318875220082
2026-06-23 23:00:00,27025.5,SARIMAX,9513.077714267065
2026-06-24 00:00:00,25690.0,SARIMAX,9254.165494253684
2026-06-24 01:00:00,24881.5,SARIMAX,9054.146357811163
2026-06-24 02:00:00,23947.5,SARIMAX,8802.646443488668
2026-06-24 03:00:00,23047.0,SARIMAX,8613.850363731277
2026-06-24 04:00:00,22308.5,SARIMAX,8467.708942309047
2026-06-24 05:00:00,21881.5,SARIMAX,8298.340257659676
2026-06-24 06:00:00,24277.0,SARIMAX,8439.407658929547
2026-06-24 07:00:00,26708.0,SARIMAX,8524.166196810556
2026-06-24 08:00:00,26336.5,SARIMAX,8567.98848546631
2026-06-24 09:00:00,25014.5,SARIMAX,8391.069786994325
2026-06-24 10:00:00,23822.0,SARIMAX,8131.114439484889
2026-06-24 11:00:00,23230.0,SARIMAX,7982.946481188488
2026-06-24 12:00:00,22891.5,SARIMAX,7817.985320435921
2026-06-24 13:00:00,22500.0,SARIMAX,7623.960556179261
2026-06-24 14:00:00,22499.5,SARIMAX,7486.956211628982
2026-06-24 15:00:00,23512.5,SARIMAX,7666.508132076486
2026-06-24 16:00:00,25503.5,SARIMAX,8258.199439258184
2026-06-24 17:00:00,27925.0,SARIMAX,9071.060242618067
2026-06-24 18:00:00,29768.5,SARIMAX,9617.603067445756
2026-06-24 19:00:00,30923.0,SARIMAX,9929.800947958265
2026-06-24 20:00:00,30929.0,SARIMAX,10008.160391035393
2026-06-24 21:00:00,30977.5,SARIMAX,9999.871535411483
2026-06-24 22:00:00,29299.5,SARIMAX,9778.806893011919
2026-06-24 23:00:00,26806.0,SARIMAX,9326.71958493529
2026-06-25 00:00:00,25946.0,SARIMAX,9078.743885370466
2026-06-25 01:00:00,25204.0,SARIMAX,8887.282378462165
2026-06-25 02:00:00,24113.5,SARIMAX,8650.103553817777
2026-06-25 03:00:00,23233.0,SARIMAX,8463.737236749446
2026-06-25 04:00:00,22258.0,SARIMAX,8320.488611570161
2026-06-25 05:00:00,21929.5,SARIMAX,8150.072220352606
2026-06-25 06:00:00,23789.0,SARIMAX,8282.910216606688
2026-06-25 07:00:00,26130.5,SARIMAX,8369.014950493663
2026-06-25 08:00:00,25859.0,SARIMAX,8399.85683025908
2026-06-25 09:00:00,24631.0,SARIMAX,8212.951248902797
2026-06-25 10:00:00,23098.0,SARIMAX,7950.234623297523
2026-06-25 11:00:00,22100.0,SARIMAX,7795.229756014606
2026-06-25 12:00:00,21980.0,SARIMAX,7640.945035989868
2026-06-25 13:00:00,21710.0,SARIMAX,7452.46978815258
2026-06-25 14:00:00,21955.0,SARIMAX,7337.8842538473
2026-06-25 15:00:00,22725.0,SARIMAX,7512.0595187536455
2026-06-25 16:00:00,24450.0,SARIMAX,8089.4545022515385
2026-06-25 17:00:00,27140.0,SARIMAX,8876.990149015372
2026-06-25 18:00:00,29120.0,SARIMAX,9409.161409294195
2026-06-25 19:00:00,31050.0,SARIMAX,9719.13741596564
2026-06-25 20:00:00,31102.0,SARIMAX,9792.25968066262
2026-06-25 21:00:00,30279.5,SARIMAX,9791.271795481049
2026-06-25 22:00:00,29105.5,SARIMAX,9561.777463113973
2026-06-25 23:00:00,27013.0,SARIMAX,9115.26529535772
2026-06-26 00:00:00,25967.0,SARIMAX,8864.233563925929
2026-06-26 01:00:00,25159.5,SARIMAX,8666.933394467474
2026-06-26 02:00:00,24243.0,SARIMAX,8410.427035577122
2026-06-26 03:00:00,23375.0,SARIMAX,8205.820923842673
2026-06-26 04:00:00,22401.0,SARIMAX,8053.911919711315
2026-06-26 05:00:00,22984.5,SARIMAX,7910.844703766757
2026-06-26 06:00:00,25080.0,SARIMAX,8057.404006517638
2026-06-26 07:00:00,27640.5,SARIMAX,8159.752609296787
2026-06-26 08:00:00,28091.0,SARIMAX,8204.00393429429
2026-06-26 09:00:00,27268.5,SARIMAX,8045.93520693476
2026-06-26 10:00:00,25667.0,SARIMAX,7802.925272618363
2026-06-26 11:00:00,23837.0,SARIMAX,7680.1247978411875
2026-06-26 12:00:00,23309.0,SARIMAX,7557.275613523484
2026-06-26 13:00:00,22942.5,SARIMAX,7403.798010129874
2026-06-26 14:00:00,23305.0,SARIMAX,7327.333569107552
2026-06-26 15:00:00,22810.5,SARIMAX,7559.039720573914
2026-06-26 16:00:00,23979.0,SARIMAX,8112.648150106704
2026-06-26 17:00:00,26456.0,SARIMAX,8909.831520432148
2026-06-26 18:00:00,27753.0,SARIMAX,9484.986144655215
2026-06-26 19:00:00,28379.5,SARIMAX,9791.639125380369
2026-06-26 20:00:00,28795.0,SARIMAX,9868.246285919611
2026-06-26 21:00:00,29147.0,SARIMAX,9859.751666165199
2026-06-26 22:00:00,28414.5,SARIMAX,9618.49550234036
2026-06-26 23:00:00,26388.5,SARIMAX,9152.334587908486
2026-06-27 00:00:00,24910.0,SARIMAX,8895.697656404107
2026-06-27 01:00:00,24248.5,SARIMAX,8686.171937872357
2026-06-27 02:00:00,22753.5,SARIMAX,8438.293547243959
2026-06-27 03:00:00,21826.0,SARIMAX,8234.83739871648
2026-06-27 04:00:00,20679.5,SARIMAX,8079.77458231098
2026-06-27 05:00:00,19874.0,SARIMAX,7912.142744192134
2026-06-27 06:00:00,20002.0,SARIMAX,8037.396630060041
2026-06-27 07:00:00,20499.0,SARIMAX,8114.3042587447
2026-06-27 08:00:00,20466.5,SARIMAX,8159.743373178675
2026-06-27 09:00:00,19731.5,SARIMAX,7997.343540904352
2026-06-27 10:00:00,18539.0,SARIMAX,7742.961534393623
2026-06-27 11:00:00,17049.5,SARIMAX,7632.241510492924
2026-06-27 12:00:00,16460.0,SARIMAX,7495.905163553355
2026-06-27 13:00:00,16263.5,SARIMAX,7380.7691576028665
2026-06-27 14:00:00,16616.5,SARIMAX,7249.980775587634
2026-06-27 15:00:00,17329.0,SARIMAX,7411.186744004779
2026-06-27 16:00:00,19488.5,SARIMAX,7960.915725903319
2026-06-27 17:00:00,22245.5,SARIMAX,8697.58948669948
2026-06-27 18:00:00,24698.5,SARIMAX,9213.222581524094
2026-06-27 19:00:00,25958.5,SARIMAX,9481.637568359723
2026-06-27 20:00:00,25710.5,SARIMAX,9538.668152697921
2026-06-27 21:00:00,25590.0,SARIMAX,9524.46603653259
2026-06-27 22:00:00,25037.5,SARIMAX,9306.828306595713
2026-06-27 23:00:00,23826.0,SARIMAX,8873.60184765099
2026-06-28 00:00:00,22765.5,SARIMAX,8635.740176990554
2026-06-28 01:00:00,21024.5,SARIMAX,8436.255808991
2026-06-28 02:00:00,19974.0,SARIMAX,8207.055957668725
2026-06-28 03:00:00,18916.0,SARIMAX,8024.155379621691
2026-06-28 04:00:00,18466.5,SARIMAX,7891.881376015475
2026-06-28 05:00:00,17893.5,SARIMAX,7746.839467667192
2026-06-28 06:00:00,17776.5,SARIMAX,7896.211092518721
2026-06-28 07:00:00,17567.5,SARIMAX,8009.275358481034
2026-06-28 08:00:00,17349.0,SARIMAX,8093.397425113243
2026-06-28 09:00:00,17494.0,SARIMAX,7981.636090501333
2026-06-28 10:00:00,17166.0,SARIMAX,7773.785541083036
2026-06-28 11:00:00,16300.0,SARIMAX,7668.659469810435
2026-06-28 12:00:00,15363.0,SARIMAX,7573.0860581235065
2026-06-28 13:00:00,14117.5,SARIMAX,7459.832311576946
2026-06-28 14:00:00,13352.5,SARIMAX,7345.946235182371
2026-06-28 15:00:00,13383.0,SARIMAX,7518.463839560833
2026-06-28 16:00:00,15599.0,SARIMAX,8066.594325725496
2026-06-28 17:00:00,19076.5,SARIMAX,8810.421815382124
2026-06-28 18:00:00,21136.5,SARIMAX,9319.19219613162
2026-06-28 19:00:00,23551.0,SARIMAX,9616.723977838841
2026-06-28 20:00:00,24005.0,SARIMAX,9672.316516170928
2026-06-28 21:00:00,23770.5,SARIMAX,9649.071950128422
2026-06-28 22:00:00,23286.0,SARIMAX,9425.214757693142
2026-06-28 23:00:00,21868.5,SARIMAX,9000.500336472764
2026-06-29 00:00:00,20765.0,SARIMAX,8393.845965817834
2026-06-29 01:00:00,19995.0,SARIMAX,8220.18447818723
2026-06-29 02:00:00,19132.5,SARIMAX,7997.038483238057
2026-06-29 03:00:00,18984.5,SARIMAX,7815.620562690941
2026-06-29 04:00:00,18318.0,SARIMAX,7683.947225632452
2026-06-29 05:00:00,18467.0,SARIMAX,7532.207826679746
2026-06-29 06:00:00,19770.0,SARIMAX,7649.580937331873
2026-06-29 07:00:00,21563.5,SARIMAX,7734.534759937124
2026-06-29 08:00:00,22135.0,SARIMAX,7783.650290361767
2026-06-29 09:00:00,22058.5,SARIMAX,7648.312257562898
2026-06-29 10:00:00,21370.5,SARIMAX,7455.162208387965
2026-06-29 11:00:00,21056.5,SARIMAX,7365.849826775767
2026-06-29 12:00:00,20720.0,SARIMAX,7263.227653818433
2026-06-29 13:00:00,20616.5,SARIMAX,7129.418980611222
2026-06-29 14:00:00,21139.0,SARIMAX,7029.872600740205
2026-06-29 15:00:00,21661.0,SARIMAX,7191.190867333872
2026-06-29 16:00:00,23354.5,SARIMAX,7684.81934290438
2026-06-29 17:00:00,25612.0,SARIMAX,8351.515210325877
2026-06-29 18:00:00,26682.0,SARIMAX,8787.907069572188
2026-06-29 19:00:00,27322.0,SARIMAX,9064.531013761263
2026-06-29 20:00:00,26989.5,SARIMAX,9109.304904984094
2026-06-29 21:00:00,26536.5,SARIMAX,9075.011997889114
2026-06-29 22:00:00,25191.5,SARIMAX,8863.092970943148
2026-06-29 23:00:00,23793.5,SARIMAX,8460.208609555797
2026-06-30 00:00:00,22568.5,SARIMAX,8228.208724466005
2026-06-30 01:00:00,21685.5,SARIMAX,8053.81536793832
2026-06-30 02:00:00,21432.0,SARIMAX,7832.311838594005
2026-06-30 03:00:00,20392.5,SARIMAX,7656.143061331865
2026-06-30 04:00:00,19670.0,SARIMAX,7522.7333766482225
2026-06-30 05:00:00,19913.0,SARIMAX,7373.594799867276
2026-06-30 06:00:00,22136.0,SARIMAX,7496.958720523939
2026-06-30 07:00:00,24416.0,SARIMAX,7579.021933334564
2026-06-30 08:00:00,25228.0,SARIMAX,7634.577225527415
2026-06-30 09:00:00,25034.5,SARIMAX,7503.793533463504
2026-06-30 10:00:00,23911.0,SARIMAX,7319.069547129398
2026-06-30 11:00:00,23041.0,SARIMAX,7235.6160406594045
2026-06-30 12:00:00,22580.0,SARIMAX,7126.07628326518
2026-06-30 13:00:00,22000.0,SARIMAX,7004.067330308111
2026-06-30 14:00:00,21468.0,SARIMAX,6897.629081656343
2026-06-30 15:00:00,21964.0,SARIMAX,7071.171859806351
2026-06-30 16:00:00,23387.0,SARIMAX,7553.795438054321
2026-06-30 17:00:00,25961.5,SARIMAX,8209.678892957512
2026-06-30 18:00:00,27265.5,SARIMAX,8669.987846613616
2026-06-30 19:00:00,27949.5,SARIMAX,8971.203834679249
2026-06-30 20:00:00,27865.5,SARIMAX,9016.125842591233
2026-06-30 21:00:00,27258.5,SARIMAX,8982.984698582488
2026-06-30 22:00:00,25832.0,SARIMAX,8771.70461623223
2026-06-30 23:00:00,23746.5,SARIMAX,8384.049909185727
