timestamp,demand_mw,predicted_demand_mw,model
2026-06-01 00:00:00,21075.5,21147.983467001137,Prophet
2026-06-01 01:00:00,20682.0,20592.767813700986,Prophet
2026-06-01 02:00:00,20003.5,20261.63262644488,Prophet
2026-06-01 03:00:00,19222.5,20024.941950360837,Prophet
2026-06-01 04:00:00,18895.0,19916.32168058004,Prophet
2026-06-01 05:00:00,18996.5,19980.188569685353,Prophet
2026-06-01 06:00:00,20763.0,20909.145298948522,Prophet
2026-06-01 07:00:00,23156.5,21746.000466061974,Prophet
2026-06-01 08:00:00,24189.0,22545.784370530197,Prophet
2026-06-01 09:00:00,24729.0,22666.32651578345,Prophet
2026-06-01 10:00:00,24279.0,22943.76560684685,Prophet
2026-06-01 11:00:00,24818.5,22518.71171431492,Prophet
2026-06-01 12:00:00,24963.0,22611.013395585436,Prophet
2026-06-01 13:00:00,24940.0,21818.003051557396,Prophet
2026-06-01 14:00:00,25241.0,21313.9258007934,Prophet
2026-06-01 15:00:00,25562.5,21538.142614503027,Prophet
2026-06-01 16:00:00,27752.5,23466.767394137587,Prophet
2026-06-01 17:00:00,29049.5,25809.90946550884,Prophet
2026-06-01 18:00:00,28798.0,27270.45781363821,Prophet
2026-06-01 19:00:00,28091.5,28046.614298755285,Prophet
2026-06-01 20:00:00,27544.0,28034.820405766317,Prophet
2026-06-01 21:00:00,27010.5,27250.62149523858,Prophet
2026-06-01 22:00:00,25332.5,26070.62476206874,Prophet
2026-06-01 23:00:00,23027.0,23711.767254064223,Prophet
2026-06-02 00:00:00,21930.5,22793.75352626902,Prophet
2026-06-02 01:00:00,21600.0,22108.23386436075,Prophet
2026-06-02 02:00:00,21015.5,21369.42698013992,Prophet
2026-06-02 03:00:00,20508.0,20918.175707444767,Prophet
2026-06-02 04:00:00,19826.5,20374.74880542319,Prophet
2026-06-02 05:00:00,19924.5,20289.89976318371,Prophet
2026-06-02 06:00:00,22074.0,22294.56099017408,Prophet
2026-06-02 07:00:00,25404.5,24670.956385567228,Prophet
2026-06-02 08:00:00,25947.0,25085.140591587682,Prophet
2026-06-02 09:00:00,25329.5,25547.463461144438,Prophet
2026-06-02 10:00:00,24117.5,24585.89863540593,Prophet
2026-06-02 11:00:00,23500.0,24463.355032681426,Prophet
2026-06-02 12:00:00,22445.0,24497.791295890573,Prophet
2026-06-02 13:00:00,21762.0,24641.990483713893,Prophet
2026-06-02 14:00:00,21769.5,24597.724033367307,Prophet
2026-06-02 15:00:00,21552.0,24594.04900306428,Prophet
2026-06-02 16:00:00,23145.0,26789.414783990072,Prophet
2026-06-02 17:00:00,25104.5,28369.73369013578,Prophet
2026-06-02 18:00:00,26218.0,28761.46790592273,Prophet
2026-06-02 19:00:00,26914.5,28724.616080056032,Prophet
2026-06-02 20:00:00,26746.5,28000.664236477085,Prophet
2026-06-02 21:00:00,26728.0,27397.4415364494,Prophet
2026-06-02 22:00:00,25453.0,25658.78517970366,Prophet
2026-06-02 23:00:00,22547.0,23146.724894186384,Prophet
2026-06-03 00:00:00,21384.0,22079.80444896799,Prophet
2026-06-03 01:00:00,21140.0,21425.08712984829,Prophet
2026-06-03 02:00:00,20210.0,20919.24213121529,Prophet
2026-06-03 03:00:00,19704.0,20344.95898423154,Prophet
2026-06-03 04:00:00,19040.0,19793.08078214591,Prophet
2026-06-03 05:00:00,19057.5,20016.894730172127,Prophet
2026-06-03 06:00:00,21126.0,22166.546385679827,Prophet
2026-06-03 07:00:00,24086.0,24930.11842474574,Prophet
2026-06-03 08:00:00,25342.5,25541.66489186188,Prophet
2026-06-03 09:00:00,26299.5,25151.96944635265,Prophet
2026-06-03 10:00:00,26213.0,24419.118278189177,Prophet
2026-06-03 11:00:00,25911.5,23791.297668815365,Prophet
2026-06-03 12:00:00,24563.5,23342.681348111983,Prophet
2026-06-03 13:00:00,22902.5,22336.16743210914,Prophet
2026-06-03 14:00:00,21145.0,21456.141530785313,Prophet
2026-06-03 15:00:00,20743.0,21133.764849804465,Prophet
2026-06-03 16:00:00,22189.0,22511.689658652398,Prophet
2026-06-03 17:00:00,23904.5,24857.460235512226,Prophet
2026-06-03 18:00:00,25099.0,26116.885421716845,Prophet
2026-06-03 19:00:00,26383.0,26935.819474697822,Prophet
2026-06-03 20:00:00,26006.5,26823.837820703786,Prophet
2026-06-03 21:00:00,25381.5,26532.108306030215,Prophet
2026-06-03 22:00:00,23538.5,25343.868148385143,Prophet
2026-06-03 23:00:00,21266.0,22490.8594763743,Prophet
2026-06-04 00:00:00,20409.5,21284.158547356994,Prophet
2026-06-04 01:00:00,19849.0,20931.77702268323,Prophet
2026-06-04 02:00:00,19280.5,20039.85577153077,Prophet
2026-06-04 03:00:00,18286.0,19386.765657402473,Prophet
2026-06-04 04:00:00,17751.5,18781.433412485007,Prophet
2026-06-04 05:00:00,17449.0,19072.42267043889,Prophet
2026-06-04 06:00:00,20432.0,21073.261232499633,Prophet
2026-06-04 07:00:00,23099.5,23668.136009610622,Prophet
2026-06-04 08:00:00,23843.5,24846.521948702528,Prophet
2026-06-04 09:00:00,23829.5,25090.66585140987,Prophet
2026-06-04 10:00:00,22822.0,25152.677982679754,Prophet
2026-06-04 11:00:00,21901.0,24733.793851488095,Prophet
2026-06-04 12:00:00,21206.0,23512.165779516876,Prophet
2026-06-04 13:00:00,19623.0,22441.746134841487,Prophet
2026-06-04 14:00:00,18705.0,21126.794584542255,Prophet
2026-06-04 15:00:00,19603.0,21333.525513411194,Prophet
2026-06-04 16:00:00,20867.5,23145.257820074217,Prophet
2026-06-04 17:00:00,23011.5,25020.34673046902,Prophet
2026-06-04 18:00:00,24926.0,25981.427146691043,Prophet
2026-06-04 19:00:00,25965.0,27157.99314443703,Prophet
2026-06-04 20:00:00,25976.0,26783.26803373545,Prophet
2026-06-04 21:00:00,24863.5,26251.46390254326,Prophet
2026-06-04 22:00:00,23477.5,24231.904850204297,Prophet
2026-06-04 23:00:00,21219.5,21847.182254817384,Prophet
2026-06-05 00:00:00,20791.5,20736.465575523533,Prophet
2026-06-05 01:00:00,19855.5,20080.202231075415,Prophet
2026-06-05 02:00:00,19100.5,19500.4826298671,Prophet
2026-06-05 03:00:00,18360.0,18794.083450771315,Prophet
2026-06-05 04:00:00,17695.5,18520.00695433423,Prophet
2026-06-05 05:00:00,17812.0,18509.32851399704,Prophet
2026-06-05 06:00:00,20105.5,21131.071763683212,Prophet
2026-06-05 07:00:00,22724.5,23454.055150377913,Prophet
2026-06-05 08:00:00,22593.0,23943.53201835694,Prophet
2026-06-05 09:00:00,21779.5,23844.11500859624,Prophet
2026-06-05 10:00:00,21188.5,22927.234303423797,Prophet
2026-06-05 11:00:00,20662.5,22243.004652788575,Prophet
2026-06-05 12:00:00,20605.5,21406.328964777505,Prophet
2026-06-05 13:00:00,19885.0,20447.161296700273,Prophet
2026-06-05 14:00:00,19502.0,19858.33514891609,Prophet
2026-06-05 15:00:00,20287.0,20284.81355341078,Prophet
2026-06-05 16:00:00,22215.5,21490.999977750962,Prophet
2026-06-05 17:00:00,24599.5,23244.43303125987,Prophet
2026-06-05 18:00:00,25754.0,25008.142854275953,Prophet
2026-06-05 19:00:00,26711.0,26171.910888677827,Prophet
2026-06-05 20:00:00,25915.5,26333.46930039722,Prophet
2026-06-05 21:00:00,25760.5,25759.378370953134,Prophet
2026-06-05 22:00:00,24019.0,24369.977634598577,Prophet
2026-06-05 23:00:00,21456.5,22086.998163658463,Prophet
2026-06-06 00:00:00,20414.0,21318.61211871151,Prophet
2026-06-06 01:00:00,19475.5,20464.558116540393,Prophet
2026-06-06 02:00:00,18837.5,19397.58142506953,Prophet
2026-06-06 03:00:00,18001.0,18322.058548123863,Prophet
2026-06-06 04:00:00,17460.0,17504.950663091648,Prophet
2026-06-06 05:00:00,16946.0,17259.515608720256,Prophet
2026-06-06 06:00:00,17631.5,18442.742280259303,Prophet
2026-06-06 07:00:00,19255.5,20014.62653019051,Prophet
2026-06-06 08:00:00,20526.0,19963.820197205332,Prophet
2026-06-06 09:00:00,21065.0,18747.014299321123,Prophet
2026-06-06 10:00:00,21196.5,17952.547600851638,Prophet
2026-06-06 11:00:00,21076.5,17400.352460847065,Prophet
2026-06-06 12:00:00,20657.5,16974.111388587753,Prophet
2026-06-06 13:00:00,20301.0,16474.64879872158,Prophet
2026-06-06 14:00:00,20489.0,16455.894585502905,Prophet
2026-06-06 15:00:00,20989.5,17226.39979279755,Prophet
2026-06-06 16:00:00,22345.5,19778.84903841676,Prophet
2026-06-06 17:00:00,24264.0,22580.717177126422,Prophet
2026-06-06 18:00:00,25301.5,24321.615941647942,Prophet
2026-06-06 19:00:00,25543.0,25284.042490885266,Prophet
2026-06-06 20:00:00,24888.0,25043.26207593993,Prophet
2026-06-06 21:00:00,24331.5,24770.19977470188,Prophet
2026-06-06 22:00:00,22988.5,23303.242188727734,Prophet
2026-06-06 23:00:00,20695.0,20986.617410389375,Prophet
2026-06-07 00:00:00,19596.5,19783.33691469054,Prophet
2026-06-07 01:00:00,18447.0,18770.622151833064,Prophet
2026-06-07 02:00:00,17645.0,17914.792147166896,Prophet
2026-06-07 03:00:00,16767.5,17024.420743213483,Prophet
2026-06-07 04:00:00,16349.0,16301.093614761321,Prophet
2026-06-07 05:00:00,15723.5,15748.092495747393,Prophet
2026-06-07 06:00:00,15724.0,16453.46408462793,Prophet
2026-06-07 07:00:00,16087.5,17676.21644695332,Prophet
2026-06-07 08:00:00,17107.0,18620.291921376862,Prophet
2026-06-07 09:00:00,17365.5,19026.15693492373,Prophet
2026-06-07 10:00:00,17934.0,19179.6508460156,Prophet
2026-06-07 11:00:00,17672.0,19088.116044935286,Prophet
2026-06-07 12:00:00,17797.5,19235.38391071395,Prophet
2026-06-07 13:00:00,17497.0,19068.753368704056,Prophet
2026-06-07 14:00:00,17246.5,19104.24487698683,Prophet
2026-06-07 15:00:00,17947.0,19760.518290540916,Prophet
2026-06-07 16:00:00,20637.0,21222.799574612734,Prophet
2026-06-07 17:00:00,23300.0,23403.69045938764,Prophet
2026-06-07 18:00:00,24684.5,25050.796621595884,Prophet
2026-06-07 19:00:00,25130.0,25664.639995998867,Prophet
2026-06-07 20:00:00,24700.0,25416.523966700748,Prophet
2026-06-07 21:00:00,23731.5,24772.390561480082,Prophet
2026-06-07 22:00:00,22095.5,23325.85347303997,Prophet
2026-06-07 23:00:00,20247.0,21186.914696908712,Prophet
2026-06-08 00:00:00,19059.5,20379.588712488257,Prophet
2026-06-08 01:00:00,18753.5,19874.139549506854,Prophet
2026-06-08 02:00:00,18270.5,19317.113874594805,Prophet
2026-06-08 03:00:00,17576.0,18943.548253666657,Prophet
2026-06-08 04:00:00,17450.5,19046.184619403153,Prophet
2026-06-08 05:00:00,18120.5,19325.81229786995,Prophet
2026-06-08 06:00:00,21261.5,20938.9649123211,Prophet
2026-06-08 07:00:00,25364.5,23281.654794638143,Prophet
2026-06-08 08:00:00,26933.0,24617.920135624157,Prophet
2026-06-08 09:00:00,27222.5,25508.97745293781,Prophet
2026-06-08 10:00:00,25993.5,25727.51218353293,Prophet
2026-06-08 11:00:00,24923.0,25412.13322952758,Prophet
2026-06-08 12:00:00,23546.5,25179.387419651648,Prophet
2026-06-08 13:00:00,22065.5,24716.437579921832,Prophet
2026-06-08 14:00:00,20773.0,24050.585752366434,Prophet
2026-06-08 15:00:00,20001.0,24155.628783935717,Prophet
2026-06-08 16:00:00,20644.0,26014.74392101151,Prophet
2026-06-08 17:00:00,22958.5,27859.27858653921,Prophet
2026-06-08 18:00:00,24556.5,28521.05539299469,Prophet
2026-06-08 19:00:00,26176.5,28140.62664979034,Prophet
2026-06-08 20:00:00,26175.5,27587.04540316425,Prophet
2026-06-08 21:00:00,26219.5,26834.63792849548,Prophet
2026-06-08 22:00:00,24439.5,25073.26757210186,Prophet
2026-06-08 23:00:00,21687.0,22910.30070391918,Prophet
2026-06-09 00:00:00,21128.0,21726.08861408613,Prophet
2026-06-09 01:00:00,20617.0,21435.90098558011,Prophet
2026-06-09 02:00:00,19755.5,20828.302143144716,Prophet
2026-06-09 03:00:00,19060.5,20193.20908106839,Prophet
2026-06-09 04:00:00,18562.5,19945.745126808757,Prophet
2026-06-09 05:00:00,18830.5,20376.141199428675,Prophet
2026-06-09 06:00:00,21186.5,22935.757617602405,Prophet
2026-06-09 07:00:00,23217.0,26282.004456702445,Prophet
2026-06-09 08:00:00,22746.0,27251.326545979853,Prophet
2026-06-09 09:00:00,22111.5,27114.39308610457,Prophet
2026-06-09 10:00:00,20488.5,25757.183832299845,Prophet
2026-06-09 11:00:00,19337.0,24977.970476067952,Prophet
2026-06-09 12:00:00,18822.5,24069.720911216988,Prophet
2026-06-09 13:00:00,18361.5,22757.683625994705,Prophet
2026-06-09 14:00:00,17898.5,22604.331582003342,Prophet
2026-06-09 15:00:00,18195.5,21572.894703731294,Prophet
2026-06-09 16:00:00,20269.5,22900.603287770213,Prophet
2026-06-09 17:00:00,23183.5,25407.273591768833,Prophet
2026-06-09 18:00:00,25589.0,26295.31405776698,Prophet
2026-06-09 19:00:00,26462.5,27325.562397749633,Prophet
2026-06-09 20:00:00,25942.5,27286.878583657,Prophet
2026-06-09 21:00:00,25778.5,27130.00811119424,Prophet
2026-06-09 22:00:00,24351.0,25502.93432114192,Prophet
2026-06-09 23:00:00,22588.0,22699.220032170517,Prophet
2026-06-10 00:00:00,21742.5,21839.355786549226,Prophet
2026-06-10 01:00:00,21249.5,21395.58845165074,Prophet
2026-06-10 02:00:00,20824.0,20731.21940183735,Prophet
2026-06-10 03:00:00,19918.5,20091.92657164873,Prophet
2026-06-10 04:00:00,19559.5,19572.111553218147,Prophet
2026-06-10 05:00:00,19289.5,19902.2911045642,Prophet
2026-06-10 06:00:00,21880.5,22207.023769438154,Prophet
2026-06-10 07:00:00,23884.5,24563.638247743052,Prophet
2026-06-10 08:00:00,24575.0,24994.50327069933,Prophet
2026-06-10 09:00:00,23982.0,24902.22468039255,Prophet
2026-06-10 10:00:00,23469.5,23684.766427641684,Prophet
2026-06-10 11:00:00,22138.5,22981.13062752137,Prophet
2026-06-10 12:00:00,21648.5,22971.474072596364,Prophet
2026-06-10 13:00:00,20949.0,22177.29837580067,Prophet
2026-06-10 14:00:00,20733.0,20578.302587959573,Prophet
2026-06-10 15:00:00,20970.0,20411.600383418005,Prophet
2026-06-10 16:00:00,22684.0,22344.645752173143,Prophet
2026-06-10 17:00:00,25131.0,24388.72570062264,Prophet
2026-06-10 18:00:00,26207.0,26356.83980564679,Prophet
2026-06-10 19:00:00,26991.5,27112.47511108122,Prophet
2026-06-10 20:00:00,26970.0,26616.785414538856,Prophet
2026-06-10 21:00:00,26913.0,26355.15965743961,Prophet
2026-06-10 22:00:00,25214.5,24848.415694105435,Prophet
2026-06-10 23:00:00,22971.5,22798.522020949753,Prophet
2026-06-11 00:00:00,22178.0,21949.187870215348,Prophet
2026-06-11 01:00:00,21617.0,21470.264604910593,Prophet
2026-06-11 02:00:00,20788.0,21065.840029820432,Prophet
2026-06-11 03:00:00,20242.5,20233.29246797027,Prophet
2026-06-11 04:00:00,20081.0,19837.707371672223,Prophet
2026-06-11 05:00:00,19649.5,19764.299921434413,Prophet
2026-06-11 06:00:00,21664.0,22450.602605695756,Prophet
2026-06-11 07:00:00,25409.0,24908.25786826329,Prophet
2026-06-11 08:00:00,27321.5,26114.178820563044,Prophet
2026-06-11 09:00:00,28396.5,26275.34993361737,Prophet
2026-06-11 10:00:00,28734.0,25928.611953262847,Prophet
2026-06-11 11:00:00,29257.0,25416.959215583483,Prophet
2026-06-11 12:00:00,28818.5,25188.712831868288,Prophet
2026-06-11 13:00:00,27653.0,23753.813601513804,Prophet
2026-06-11 14:00:00,27415.5,23100.75087513835,Prophet
2026-06-11 15:00:00,27446.0,23176.746118475836,Prophet
2026-06-11 16:00:00,28550.0,24420.407394871454,Prophet
2026-06-11 17:00:00,29115.0,26161.008444006802,Prophet
2026-06-11 18:00:00,29110.5,27101.02044463473,Prophet
2026-06-11 19:00:00,28573.0,27335.96074097734,Prophet
2026-06-11 20:00:00,27622.5,26806.170555310924,Prophet
2026-06-11 21:00:00,26426.0,26101.31561320531,Prophet
2026-06-11 22:00:00,24583.5,24301.429267676347,Prophet
2026-06-11 23:00:00,22247.5,21913.596017686563,Prophet
2026-06-12 00:00:00,20480.0,20981.033813706243,Prophet
2026-06-12 01:00:00,19605.5,20314.191327429246,Prophet
2026-06-12 02:00:00,18937.5,19575.504646157922,Prophet
2026-06-12 03:00:00,18537.5,18961.37033970221,Prophet
2026-06-12 04:00:00,18108.0,18630.481404229817,Prophet
2026-06-12 05:00:00,18123.0,18601.63822585117,Prophet
2026-06-12 06:00:00,20560.0,20899.137572159427,Prophet
2026-06-12 07:00:00,23547.0,24234.035877002116,Prophet
2026-06-12 08:00:00,24329.0,25454.590362927032,Prophet
2026-06-12 09:00:00,24429.0,26075.60509706165,Prophet
2026-06-12 10:00:00,23598.0,25885.18946516814,Prophet
2026-06-12 11:00:00,22235.0,25987.462826964078,Prophet
2026-06-12 12:00:00,20848.5,25649.71729989993,Prophet
2026-06-12 13:00:00,19376.5,24027.701902609962,Prophet
2026-06-12 14:00:00,17479.0,23157.047601267077,Prophet
2026-06-12 15:00:00,16470.0,23428.03953199727,Prophet
2026-06-12 16:00:00,17625.0,24489.565549964544,Prophet
2026-06-12 17:00:00,20188.5,26000.668564743402,Prophet
2026-06-12 18:00:00,21874.5,26341.628330941054,Prophet
2026-06-12 19:00:00,24489.0,26467.531232769783,Prophet
2026-06-12 20:00:00,24263.5,25873.624430588956,Prophet
2026-06-12 21:00:00,23904.5,25202.222696301793,Prophet
2026-06-12 22:00:00,23245.0,23457.623220471432,Prophet
2026-06-12 23:00:00,20718.5,20912.688257569283,Prophet
2026-06-13 00:00:00,19841.5,19437.932985737683,Prophet
2026-06-13 01:00:00,18666.0,18593.648434179166,Prophet
2026-06-13 02:00:00,17953.0,17859.386350373512,Prophet
2026-06-13 03:00:00,17018.5,17103.977509018136,Prophet
2026-06-13 04:00:00,16499.0,16534.30335269161,Prophet
2026-06-13 05:00:00,15961.0,16191.01596248953,Prophet
2026-06-13 06:00:00,16604.5,17755.62533387696,Prophet
2026-06-13 07:00:00,16946.5,19694.881855917418,Prophet
2026-06-13 08:00:00,17072.0,19965.735345003064,Prophet
2026-06-13 09:00:00,16497.5,19782.054786841294,Prophet
2026-06-13 10:00:00,15880.5,19126.93488724326,Prophet
2026-06-13 11:00:00,14948.0,18220.59396507376,Prophet
2026-06-13 12:00:00,14597.0,17516.422192447473,Prophet
2026-06-13 13:00:00,13845.5,16756.999351113598,Prophet
2026-06-13 14:00:00,13104.5,15915.914021923476,Prophet
2026-06-13 15:00:00,13507.5,15904.120832711082,Prophet
2026-06-13 16:00:00,15248.5,17471.088272762438,Prophet
2026-06-13 17:00:00,18325.5,19902.490959521725,Prophet
2026-06-13 18:00:00,21323.5,21620.339311880794,Prophet
2026-06-13 19:00:00,23061.0,23416.477276620917,Prophet
2026-06-13 20:00:00,23588.0,23536.397819100705,Prophet
2026-06-13 21:00:00,23432.5,23399.31707069108,Prophet
2026-06-13 22:00:00,23220.5,22663.683701852904,Prophet
2026-06-13 23:00:00,21817.0,20216.54994743335,Prophet
2026-06-14 00:00:00,21270.5,19237.627998236225,Prophet
2026-06-14 01:00:00,20148.5,18185.563385516314,Prophet
2026-06-14 02:00:00,19648.0,17366.41902419368,Prophet
2026-06-14 03:00:00,18789.0,16393.4724646881,Prophet
2026-06-14 04:00:00,18234.0,15807.218042346025,Prophet
2026-06-14 05:00:00,17176.5,15333.908532506863,Prophet
2026-06-14 06:00:00,16854.0,16011.646892791468,Prophet
2026-06-14 07:00:00,16267.0,16596.62131135171,Prophet
2026-06-14 08:00:00,16185.0,17093.869414292076,Prophet
2026-06-14 09:00:00,16541.0,16992.88322821128,Prophet
2026-06-14 10:00:00,16705.5,16962.002222436022,Prophet
2026-06-14 11:00:00,16737.5,16910.35748805414,Prophet
2026-06-14 12:00:00,16664.5,16979.61512296686,Prophet
2026-06-14 13:00:00,16730.5,16533.74019833119,Prophet
2026-06-14 14:00:00,16746.0,16257.233488353528,Prophet
2026-06-14 15:00:00,17435.0,16732.275509324427,Prophet
2026-06-14 16:00:00,19465.0,18661.09973171646,Prophet
2026-06-14 17:00:00,22084.0,21455.923677112572,Prophet
2026-06-14 18:00:00,24111.0,23516.911890077994,Prophet
2026-06-14 19:00:00,25571.5,24367.47404123053,Prophet
2026-06-14 20:00:00,25910.0,24455.757328957152,Prophet
2026-06-14 21:00:00,25183.0,24108.733937729547,Prophet
2026-06-14 22:00:00,23780.5,23180.31348919166,Prophet
2026-06-14 23:00:00,22017.0,21499.230678270684,Prophet
2026-06-15 00:00:00,21088.5,18271.482894457065,Prophet
2026-06-15 01:00:00,20450.5,17928.54477014292,Prophet
2026-06-15 02:00:00,19702.5,17850.358928428795,Prophet
2026-06-15 03:00:00,19149.0,17603.004334115365,Prophet
2026-06-15 04:00:00,18618.5,17682.087020968473,Prophet
2026-06-15 05:00:00,18771.5,17986.35353408804,Prophet
2026-06-15 06:00:00,21048.5,19652.689865366592,Prophet
2026-06-15 07:00:00,24091.0,21554.957342520152,Prophet
2026-06-15 08:00:00,24744.0,22475.73872789128,Prophet
2026-06-15 09:00:00,23969.5,22990.975501003166,Prophet
2026-06-15 10:00:00,22370.5,22711.543959024453,Prophet
2026-06-15 11:00:00,22029.5,22257.06121263891,Prophet
2026-06-15 12:00:00,21378.5,21613.458618550063,Prophet
2026-06-15 13:00:00,20397.5,21165.34845206021,Prophet
2026-06-15 14:00:00,20658.0,20443.034642261744,Prophet
2026-06-15 15:00:00,21016.5,20444.611045912825,Prophet
2026-06-15 16:00:00,23228.5,21634.75552934382,Prophet
2026-06-15 17:00:00,25517.0,23619.536766222132,Prophet
2026-06-15 18:00:00,27329.0,24988.279996015,Prophet
2026-06-15 19:00:00,28066.0,25961.70502362649,Prophet
2026-06-15 20:00:00,27449.0,25893.664095123615,Prophet
2026-06-15 21:00:00,26785.5,25127.99144992925,Prophet
2026-06-15 22:00:00,25063.5,23321.362621983677,Prophet
2026-06-15 23:00:00,23091.0,20901.343251776565,Prophet
2026-06-16 00:00:00,22321.0,22562.282583207016,Prophet
2026-06-16 01:00:00,21803.5,21932.793932078013,Prophet
2026-06-16 02:00:00,21420.0,21094.935997718523,Prophet
2026-06-16 03:00:00,21024.5,20437.69353200959,Prophet
2026-06-16 04:00:00,19529.0,19851.299904470994,Prophet
2026-06-16 05:00:00,19934.0,20119.52751612069,Prophet
2026-06-16 06:00:00,21936.0,22376.995462769468,Prophet
2026-06-16 07:00:00,25240.5,25155.947597333605,Prophet
2026-06-16 08:00:00,25661.0,25537.99914332312,Prophet
2026-06-16 09:00:00,25020.5,25058.9627925176,Prophet
2026-06-16 10:00:00,23930.5,23720.720715342293,Prophet
2026-06-16 11:00:00,23063.5,23016.639837139228,Prophet
2026-06-16 12:00:00,22036.5,22610.002116546028,Prophet
2026-06-16 13:00:00,21633.5,21518.981853380297,Prophet
2026-06-16 14:00:00,22081.0,21717.39115894182,Prophet
2026-06-16 15:00:00,23822.5,21870.116803966124,Prophet
2026-06-16 16:00:00,25558.0,23753.298934327475,Prophet
2026-06-16 17:00:00,27720.0,25929.981784458974,Prophet
2026-06-16 18:00:00,28178.0,27548.373695828603,Prophet
2026-06-16 19:00:00,27838.5,27926.05253748959,Prophet
2026-06-16 20:00:00,27638.5,27260.091806233097,Prophet
2026-06-16 21:00:00,27319.5,26587.026922594778,Prophet
2026-06-16 22:00:00,25440.5,25041.602700432504,Prophet
2026-06-16 23:00:00,23136.5,22901.03899010676,Prophet
2026-06-17 00:00:00,21898.0,21685.167173988255,Prophet
2026-06-17 01:00:00,21072.0,21258.401246186688,Prophet
2026-06-17 02:00:00,20180.5,20757.704155831623,Prophet
2026-06-17 03:00:00,19728.0,20270.11452964863,Prophet
2026-06-17 04:00:00,19538.5,19398.798307247576,Prophet
2026-06-17 05:00:00,19478.5,19566.16043900669,Prophet
2026-06-17 06:00:00,22235.0,21975.96392281456,Prophet
2026-06-17 07:00:00,25953.0,24892.41797729424,Prophet
2026-06-17 08:00:00,26974.5,25613.947101488353,Prophet
2026-06-17 09:00:00,25929.0,25253.75922665177,Prophet
2026-06-17 10:00:00,24905.0,24469.60233617086,Prophet
2026-06-17 11:00:00,24042.5,23324.062762492,Prophet
2026-06-17 12:00:00,23678.0,22489.268401792873,Prophet
2026-06-17 13:00:00,23306.0,21923.110792247382,Prophet
2026-06-17 14:00:00,23243.5,21968.65559830122,Prophet
2026-06-17 15:00:00,23808.0,22901.039240794402,Prophet
2026-06-17 16:00:00,24762.0,24358.28111221411,Prophet
2026-06-17 17:00:00,26618.0,26395.63938361908,Prophet
2026-06-17 18:00:00,27069.5,26924.082662997916,Prophet
2026-06-17 19:00:00,27711.5,27057.952347886923,Prophet
2026-06-17 20:00:00,27324.5,27017.280953044177,Prophet
2026-06-17 21:00:00,26565.0,26780.080407775644,Prophet
2026-06-17 22:00:00,25531.5,25030.647025053382,Prophet
2026-06-17 23:00:00,23728.5,22695.974614876333,Prophet
2026-06-18 00:00:00,22535.5,21665.380022092773,Prophet
2026-06-18 01:00:00,22392.0,21047.13263801792,Prophet
2026-06-18 02:00:00,21536.0,20250.37540098667,Prophet
2026-06-18 03:00:00,20273.5,19761.095252867788,Prophet
2026-06-18 04:00:00,19273.0,19496.14268159031,Prophet
2026-06-18 05:00:00,19306.5,19481.36326400022,Prophet
2026-06-18 06:00:00,21186.5,21954.835765911008,Prophet
2026-06-18 07:00:00,24699.0,25461.660400608147,Prophet
2026-06-18 08:00:00,25845.5,26809.007595850155,Prophet
2026-06-18 09:00:00,25648.0,26605.918010424633,Prophet
2026-06-18 10:00:00,23923.5,26048.405945608407,Prophet
2026-06-18 11:00:00,22419.0,25536.74220516896,Prophet
2026-06-18 12:00:00,21791.0,25112.187120480452,Prophet
2026-06-18 13:00:00,22080.0,24798.70626181059,Prophet
2026-06-18 14:00:00,22913.0,24605.214716711227,Prophet
2026-06-18 15:00:00,23780.0,25043.847054416114,Prophet
2026-06-18 16:00:00,24250.5,26199.51819510973,Prophet
2026-06-18 17:00:00,25614.5,27552.50426788929,Prophet
2026-06-18 18:00:00,26640.0,27610.08550866535,Prophet
2026-06-18 19:00:00,27643.0,27488.88348289199,Prophet
2026-06-18 20:00:00,28276.0,26882.028736537854,Prophet
2026-06-18 21:00:00,27199.0,25920.953594747607,Prophet
2026-06-18 22:00:00,25644.5,24651.818777448752,Prophet
2026-06-18 23:00:00,23441.0,22598.383220150867,Prophet
2026-06-19 00:00:00,22656.0,21346.463039597696,Prophet
2026-06-19 01:00:00,21643.0,20923.76506383129,Prophet
2026-06-19 02:00:00,20431.0,20297.908839647444,Prophet
2026-06-19 03:00:00,19359.5,19365.127228992198,Prophet
2026-06-19 04:00:00,18536.5,18548.427238882923,Prophet
2026-06-19 05:00:00,18444.5,18729.18605666248,Prophet
2026-06-19 06:00:00,20177.5,20781.782426159323,Prophet
2026-06-19 07:00:00,22514.5,23893.926124831505,Prophet
2026-06-19 08:00:00,22350.5,24965.788089088113,Prophet
2026-06-19 09:00:00,21579.5,24549.140267153878,Prophet
2026-06-19 10:00:00,20612.0,23262.152681132746,Prophet
2026-06-19 11:00:00,19918.0,21919.102338418234,Prophet
2026-06-19 12:00:00,19712.0,21010.227757745128,Prophet
2026-06-19 13:00:00,19524.0,20975.98349135633,Prophet
2026-06-19 14:00:00,19631.5,20755.412343089523,Prophet
2026-06-19 15:00:00,20737.0,20866.612755121063,Prophet
2026-06-19 16:00:00,23092.0,21788.70849671469,Prophet
2026-06-19 17:00:00,24829.0,23283.530912698996,Prophet
2026-06-19 18:00:00,26373.5,24253.432765444933,Prophet
2026-06-19 19:00:00,27075.0,25584.36678991974,Prophet
2026-06-19 20:00:00,26261.0,25814.368198012886,Prophet
2026-06-19 21:00:00,26939.0,25056.54840885552,Prophet
2026-06-19 22:00:00,25756.5,23783.878114368916,Prophet
2026-06-19 23:00:00,24106.0,21393.874946952437,Prophet
2026-06-20 00:00:00,22614.5,20436.685560869413,Prophet
2026-06-20 01:00:00,21765.0,19513.459984279347,Prophet
2026-06-20 02:00:00,20799.5,18407.398012469028,Prophet
2026-06-20 03:00:00,19886.0,17329.837629606987,Prophet
2026-06-20 04:00:00,19088.0,16585.24382513635,Prophet
2026-06-20 05:00:00,18707.5,16121.01019351513,Prophet
2026-06-20 06:00:00,19247.5,17134.011094850903,Prophet
2026-06-20 07:00:00,20044.5,18469.24144154132,Prophet
2026-06-20 08:00:00,20929.5,18209.329253606415,Prophet
2026-06-20 09:00:00,20706.0,17389.176121821325,Prophet
2026-06-20 10:00:00,20207.0,16329.191248812804,Prophet
2026-06-20 11:00:00,19532.0,15360.536824321978,Prophet
2026-06-20 12:00:00,19095.0,15023.56424702991,Prophet
2026-06-20 13:00:00,18640.5,14638.221002077633,Prophet
2026-06-20 14:00:00,18292.5,14671.656715815823,Prophet
2026-06-20 15:00:00,19152.0,15863.786179818044,Prophet
2026-06-20 16:00:00,20738.5,18254.98427498155,Prophet
2026-06-20 17:00:00,23139.0,20747.917340831722,Prophet
2026-06-20 18:00:00,24278.0,22773.556972681137,Prophet
2026-06-20 19:00:00,24929.0,24132.453185996048,Prophet
2026-06-20 20:00:00,25281.5,24147.3075384776,Prophet
2026-06-20 21:00:00,25016.0,24698.881672055843,Prophet
2026-06-20 22:00:00,24919.5,24013.924563924815,Prophet
2026-06-20 23:00:00,22918.5,22273.593289475775,Prophet
2026-06-21 00:00:00,21842.0,21163.776386860474,Prophet
2026-06-21 01:00:00,21337.5,20189.473922641708,Prophet
2026-06-21 02:00:00,20369.0,19253.66661951057,Prophet
2026-06-21 03:00:00,19437.5,18260.52528311674,Prophet
2026-06-21 04:00:00,18680.5,17465.79578045153,Prophet
2026-06-21 05:00:00,17908.0,16986.468920011856,Prophet
2026-06-21 06:00:00,17588.0,17481.923788378965,Prophet
2026-06-21 07:00:00,17738.0,18148.28803055345,Prophet
2026-06-21 08:00:00,18047.0,18697.62233097925,Prophet
2026-06-21 09:00:00,17821.0,18678.745794822375,Prophet
2026-06-21 10:00:00,17592.0,18443.94715990257,Prophet
2026-06-21 11:00:00,17443.5,18161.514486139753,Prophet
2026-06-21 12:00:00,17473.0,18130.22213526172,Prophet
2026-06-21 13:00:00,17304.5,17978.8364479986,Prophet
2026-06-21 14:00:00,16917.5,17831.06028602806,Prophet
2026-06-21 15:00:00,17734.5,18719.41228953423,Prophet
2026-06-21 16:00:00,19484.0,20487.172197516116,Prophet
2026-06-21 17:00:00,22041.0,22575.371718290975,Prophet
2026-06-21 18:00:00,24272.5,23933.706464937146,Prophet
2026-06-21 19:00:00,25742.5,24675.136875391057,Prophet
2026-06-21 20:00:00,25867.0,24758.051214092276,Prophet
2026-06-21 21:00:00,25534.0,24341.74380015632,Prophet
2026-06-21 22:00:00,25191.5,23724.005807781657,Prophet
2026-06-21 23:00:00,23129.5,21808.931190778367,Prophet
2026-06-22 00:00:00,22412.0,20935.348409704653,Prophet
2026-06-22 01:00:00,21898.5,20742.076768602674,Prophet
2026-06-22 02:00:00,21233.5,20345.28262462849,Prophet
2026-06-22 03:00:00,20357.5,20108.652742357604,Prophet
2026-06-22 04:00:00,19780.0,20003.896390538644,Prophet
2026-06-22 05:00:00,19420.5,20244.959188218432,Prophet
2026-06-22 06:00:00,21339.0,21713.476221560053,Prophet
2026-06-22 07:00:00,24088.5,23468.994557932892,Prophet
2026-06-22 08:00:00,24562.5,24326.75193179747,Prophet
2026-06-22 09:00:00,23318.0,24117.094506961497,Prophet
2026-06-22 10:00:00,21836.0,23506.72431013271,Prophet
2026-06-22 11:00:00,20745.0,23364.216435165436,Prophet
2026-06-22 12:00:00,20573.5,23118.700624141336,Prophet
2026-06-22 13:00:00,20482.5,22332.11826392676,Prophet
2026-06-22 14:00:00,21049.5,21851.68975030473,Prophet
2026-06-22 15:00:00,22492.5,22119.800916353026,Prophet
2026-06-22 16:00:00,24501.5,23705.511058232252,Prophet
2026-06-22 17:00:00,28019.5,25979.312378749953,Prophet
2026-06-22 18:00:00,28868.0,27328.424261758202,Prophet
2026-06-22 19:00:00,29886.5,27859.406653801012,Prophet
2026-06-22 20:00:00,29037.0,27447.124057909798,Prophet
2026-06-22 21:00:00,28041.5,26712.984203563108,Prophet
2026-06-22 22:00:00,27033.0,25625.698420625446,Prophet
2026-06-22 23:00:00,24515.0,23397.532965058148,Prophet
2026-06-23 00:00:00,23747.0,22501.50512218286,Prophet
2026-06-23 01:00:00,23310.5,21974.59632491768,Prophet
2026-06-23 02:00:00,21963.0,21612.790928830123,Prophet
2026-06-23 03:00:00,21443.0,20688.986896151982,Prophet
2026-06-23 04:00:00,20929.5,19955.3360812169,Prophet
2026-06-23 05:00:00,20975.0,20446.34747247185,Prophet
2026-06-23 06:00:00,22903.0,22929.450182976645,Prophet
2026-06-23 07:00:00,24985.0,25541.32025181295,Prophet
2026-06-23 08:00:00,25643.5,24868.12549379137,Prophet
2026-06-23 09:00:00,24837.5,23668.54498448689,Prophet
2026-06-23 10:00:00,23184.5,22189.502906217152,Prophet
2026-06-23 11:00:00,22195.0,20948.54048853041,Prophet
2026-06-23 12:00:00,21770.5,20187.587785008447,Prophet
2026-06-23 13:00:00,21266.0,19807.247429615218,Prophet
2026-06-23 14:00:00,21386.5,19928.26869477167,Prophet
2026-06-23 15:00:00,22472.5,21241.56052731926,Prophet
2026-06-23 16:00:00,24583.0,23129.530872171366,Prophet
2026-06-23 17:00:00,27057.5,26023.99872562312,Prophet
2026-06-23 18:00:00,28961.5,26850.330667072336,Prophet
2026-06-23 19:00:00,29899.0,27425.217453505986,Prophet
2026-06-23 20:00:00,29962.0,27055.633985346954,Prophet
2026-06-23 21:00:00,29831.5,26498.7617460131,Prophet
2026-06-23 22:00:00,28834.0,25161.413869719578,Prophet
2026-06-23 23:00:00,27025.5,22552.34976129705,Prophet
2026-06-24 00:00:00,25690.0,21518.35352685246,Prophet
2026-06-24 01:00:00,24881.5,21185.463579865624,Prophet
2026-06-24 02:00:00,23947.5,20145.135798025804,Prophet
2026-06-24 03:00:00,23047.0,19732.46476830711,Prophet
2026-06-24 04:00:00,22308.5,19441.420186676838,Prophet
2026-06-24 05:00:00,21881.5,19762.89492887178,Prophet
2026-06-24 06:00:00,24277.0,21951.761626979238,Prophet
2026-06-24 07:00:00,26708.0,24506.35221972189,Prophet
2026-06-24 08:00:00,26336.5,25220.209340323676,Prophet
2026-06-24 09:00:00,25014.5,24587.11918577465,Prophet
2026-06-24 10:00:00,23822.0,23244.124534525585,Prophet
2026-06-24 11:00:00,23230.0,22247.387340789388,Prophet
2026-06-24 12:00:00,22891.5,21717.80030245329,Prophet
2026-06-24 13:00:00,22500.0,20967.452423424267,Prophet
2026-06-24 14:00:00,22499.5,20802.72148988396,Prophet
2026-06-24 15:00:00,23512.5,21503.474334683448,Prophet
2026-06-24 16:00:00,25503.5,23141.510923292128,Prophet
2026-06-24 17:00:00,27925.0,25323.69041127701,Prophet
2026-06-24 18:00:00,29768.5,26656.906453239564,Prophet
2026-06-24 19:00:00,30923.0,27428.048452444054,Prophet
2026-06-24 20:00:00,30929.0,27412.38416954151,Prophet
2026-06-24 21:00:00,30977.5,27155.616065388287,Prophet
2026-06-24 22:00:00,29299.5,26105.43349626192,Prophet
2026-06-24 23:00:00,26806.0,24156.62930034548,Prophet
2026-06-25 00:00:00,25946.0,22952.33130018786,Prophet
2026-06-25 01:00:00,25204.0,22488.85745279101,Prophet
2026-06-25 02:00:00,24113.5,21766.949661324514,Prophet
2026-06-25 03:00:00,23233.0,20959.22510800311,Prophet
2026-06-25 04:00:00,22258.0,20360.4013322504,Prophet
2026-06-25 05:00:00,21929.5,20352.69793060906,Prophet
2026-06-25 06:00:00,23789.0,22508.930844575447,Prophet
2026-06-25 07:00:00,26130.5,25074.74870606454,Prophet
2026-06-25 08:00:00,25859.0,25122.34486380372,Prophet
2026-06-25 09:00:00,24631.0,24102.214836762603,Prophet
2026-06-25 10:00:00,23098.0,22605.075855839095,Prophet
2026-06-25 11:00:00,22100.0,21494.474903732265,Prophet
2026-06-25 12:00:00,21980.0,20920.97572436629,Prophet
2026-06-25 13:00:00,21710.0,20548.045805390804,Prophet
2026-06-25 14:00:00,21955.0,20503.713109810218,Prophet
2026-06-25 15:00:00,22725.0,21255.478137980077,Prophet
2026-06-25 16:00:00,24450.0,22917.351073262405,Prophet
2026-06-25 17:00:00,27140.0,25076.27589499722,Prophet
2026-06-25 18:00:00,29120.0,26545.212630313432,Prophet
2026-06-25 19:00:00,31050.0,27633.03397968916,Prophet
2026-06-25 20:00:00,31102.0,27875.489398195157,Prophet
2026-06-25 21:00:00,30279.5,27702.392534698265,Prophet
2026-06-25 22:00:00,29105.5,26136.512070912944,Prophet
2026-06-25 23:00:00,27013.0,23906.535708714764,Prophet
2026-06-26 00:00:00,25967.0,23076.16568002976,Prophet
2026-06-26 01:00:00,25159.5,22167.90129781441,Prophet
2026-06-26 02:00:00,24243.0,21823.08310528678,Prophet
2026-06-26 03:00:00,23375.0,20869.110226233694,Prophet
2026-06-26 04:00:00,22401.0,20018.685625480004,Prophet
2026-06-26 05:00:00,22984.5,20218.672382390763,Prophet
2026-06-26 06:00:00,25080.0,21926.34078419584,Prophet
2026-06-26 07:00:00,27640.5,24320.102584517685,Prophet
2026-06-26 08:00:00,28091.0,24329.874255841944,Prophet
2026-06-26 09:00:00,27268.5,23330.93695787584,Prophet
2026-06-26 10:00:00,25667.0,21814.979496740576,Prophet
2026-06-26 11:00:00,23837.0,20433.50711703387,Prophet
2026-06-26 12:00:00,23309.0,20132.536781663435,Prophet
2026-06-26 13:00:00,22942.5,19656.358874949354,Prophet
2026-06-26 14:00:00,23305.0,19696.03703790373,Prophet
2026-06-26 15:00:00,22810.5,20817.22138670467,Prophet
2026-06-26 16:00:00,23979.0,22488.962386430874,Prophet
2026-06-26 17:00:00,26456.0,24648.740390273277,Prophet
2026-06-26 18:00:00,27753.0,26664.422799215878,Prophet
2026-06-26 19:00:00,28379.5,27842.02897529766,Prophet
2026-06-26 20:00:00,28795.0,27506.078194045414,Prophet
2026-06-26 21:00:00,29147.0,27299.81187634705,Prophet
2026-06-26 22:00:00,28414.5,26255.426395433387,Prophet
2026-06-26 23:00:00,26388.5,24230.371120513086,Prophet
2026-06-27 00:00:00,24910.0,23146.208193795203,Prophet
2026-06-27 01:00:00,24248.5,22363.58533012798,Prophet
2026-06-27 02:00:00,22753.5,21291.48854850958,Prophet
2026-06-27 03:00:00,21826.0,20188.260280597773,Prophet
2026-06-27 04:00:00,20679.5,19118.23611395091,Prophet
2026-06-27 05:00:00,19874.0,19066.417359009243,Prophet
2026-06-27 06:00:00,20002.0,20366.777455659183,Prophet
2026-06-27 07:00:00,20499.0,21820.59778776085,Prophet
2026-06-27 08:00:00,20466.5,21943.176967548636,Prophet
2026-06-27 09:00:00,19731.5,21016.171405001274,Prophet
2026-06-27 10:00:00,18539.0,19181.330446464013,Prophet
2026-06-27 11:00:00,17049.5,17727.63263854737,Prophet
2026-06-27 12:00:00,16460.0,17128.41335909436,Prophet
2026-06-27 13:00:00,16263.5,16985.84355288767,Prophet
2026-06-27 14:00:00,16616.5,16854.97188203422,Prophet
2026-06-27 15:00:00,17329.0,17034.752561867823,Prophet
2026-06-27 16:00:00,19488.5,18849.279690189258,Prophet
2026-06-27 17:00:00,22245.5,21764.422632024685,Prophet
2026-06-27 18:00:00,24698.5,23565.84478798211,Prophet
2026-06-27 19:00:00,25958.5,24447.1137049308,Prophet
2026-06-27 20:00:00,25710.5,24997.010723418363,Prophet
2026-06-27 21:00:00,25590.0,25159.226325032916,Prophet
2026-06-27 22:00:00,25037.5,24671.82292346579,Prophet
2026-06-27 23:00:00,23826.0,22527.574350513583,Prophet
2026-06-28 00:00:00,22765.5,21112.953897906886,Prophet
2026-06-28 01:00:00,21024.5,20452.1683330723,Prophet
2026-06-28 02:00:00,19974.0,19214.08412027141,Prophet
2026-06-28 03:00:00,18916.0,18172.86423969463,Prophet
2026-06-28 04:00:00,18466.5,17168.758676868776,Prophet
2026-06-28 05:00:00,17893.5,16610.476088027044,Prophet
2026-06-28 06:00:00,17776.5,17072.575255694377,Prophet
2026-06-28 07:00:00,17567.5,17726.328697129033,Prophet
2026-06-28 08:00:00,17349.0,18062.557551140337,Prophet
2026-06-28 09:00:00,17494.0,17721.90154026019,Prophet
2026-06-28 10:00:00,17166.0,16829.161267789645,Prophet
2026-06-28 11:00:00,16300.0,15826.512950245275,Prophet
2026-06-28 12:00:00,15363.0,15819.961910964419,Prophet
2026-06-28 13:00:00,14117.5,15938.97943338631,Prophet
2026-06-28 14:00:00,13352.5,15994.863209972982,Prophet
2026-06-28 15:00:00,13383.0,16735.604558848398,Prophet
2026-06-28 16:00:00,15599.0,18763.888396581464,Prophet
2026-06-28 17:00:00,19076.5,21374.237379126178,Prophet
2026-06-28 18:00:00,21136.5,23654.822423526566,Prophet
2026-06-28 19:00:00,23551.0,24931.333558715836,Prophet
2026-06-28 20:00:00,24005.0,24929.58240446872,Prophet
2026-06-28 21:00:00,23770.5,24689.483895390025,Prophet
2026-06-28 22:00:00,23286.0,24119.266535060033,Prophet
2026-06-28 23:00:00,21868.5,22561.83629115692,Prophet
2026-06-29 00:00:00,20765.0,21710.234234599648,Prophet
2026-06-29 01:00:00,19995.0,20975.66405230665,Prophet
2026-06-29 02:00:00,19132.5,20454.40414822851,Prophet
2026-06-29 03:00:00,18984.5,20007.11758401364,Prophet
2026-06-29 04:00:00,18318.0,20110.100032891794,Prophet
2026-06-29 05:00:00,18467.0,20341.501216883855,Prophet
2026-06-29 06:00:00,19770.0,21790.3250230581,Prophet
2026-06-29 07:00:00,21563.5,23368.207349376455,Prophet
2026-06-29 08:00:00,22135.0,23845.952608985033,Prophet
2026-06-29 09:00:00,22058.5,23861.2802738095,Prophet
2026-06-29 10:00:00,21370.5,23506.9756288703,Prophet
2026-06-29 11:00:00,21056.5,22945.381846021864,Prophet
2026-06-29 12:00:00,20720.0,22436.064767094653,Prophet
2026-06-29 13:00:00,20616.5,21493.539361059018,Prophet
2026-06-29 14:00:00,21139.0,21046.70131731379,Prophet
2026-06-29 15:00:00,21661.0,21400.642217571894,Prophet
2026-06-29 16:00:00,23354.5,23135.28232822386,Prophet
2026-06-29 17:00:00,25612.0,25958.31211058773,Prophet
2026-06-29 18:00:00,26682.0,27090.09948550045,Prophet
2026-06-29 19:00:00,27322.0,28351.11427936381,Prophet
2026-06-29 20:00:00,26989.5,28036.272524773438,Prophet
2026-06-29 21:00:00,26536.5,27257.32504929195,Prophet
2026-06-29 22:00:00,25191.5,26248.634606363208,Prophet
2026-06-29 23:00:00,23793.5,24179.73985654753,Prophet
2026-06-30 00:00:00,22568.5,23155.476705253783,Prophet
2026-06-30 01:00:00,21685.5,22547.813751302103,Prophet
2026-06-30 02:00:00,21432.0,21585.381913643494,Prophet
2026-06-30 03:00:00,20392.5,21147.668310325575,Prophet
2026-06-30 04:00:00,19670.0,20557.6720818666,Prophet
2026-06-30 05:00:00,19913.0,20758.021982080092,Prophet
2026-06-30 06:00:00,22136.0,22272.44676497162,Prophet
2026-06-30 07:00:00,24416.0,24171.080042809383,Prophet
2026-06-30 08:00:00,25228.0,24812.904574443604,Prophet
2026-06-30 09:00:00,25034.5,24540.20824454609,Prophet
2026-06-30 10:00:00,23911.0,23645.57361727064,Prophet
2026-06-30 11:00:00,23041.0,23228.080345292354,Prophet
2026-06-30 12:00:00,22580.0,22672.251997195606,Prophet
2026-06-30 13:00:00,22000.0,22375.942879997143,Prophet
2026-06-30 14:00:00,21468.0,22524.866991342624,Prophet
2026-06-30 15:00:00,21964.0,23642.909400998826,Prophet
2026-06-30 16:00:00,23387.0,25041.989749462235,Prophet
2026-06-30 17:00:00,25961.5,27165.140201665767,Prophet
2026-06-30 18:00:00,27265.5,28623.504717007818,Prophet
2026-06-30 19:00:00,27949.5,29542.46543574709,Prophet
2026-06-30 20:00:00,27865.5,29233.401041215962,Prophet
2026-06-30 21:00:00,27258.5,28203.68077956551,Prophet
2026-06-30 22:00:00,25832.0,26749.565031877504,Prophet
2026-06-30 23:00:00,23746.5,24928.6357573401,Prophet
