model,fold,regressor_count,prophet_uk_holidays,mae,rmse,mape,r2
seasonality_only,aug_2025,0,False,2924.4108,3467.5632,14.0509,-0.1998
seasonality_only,nov_2025,0,False,2053.7748,2561.9484,6.8368,0.8181
seasonality_only,feb_2026,0,False,1811.1339,2371.0201,6.0253,0.8242
seasonality_only,may_2026,0,False,3597.4138,4351.3401,16.7101,-0.7395
prophet_uk_holidays,aug_2025,0,True,2896.3944,3430.0233,13.958,-0.174
prophet_uk_holidays,nov_2025,0,True,2023.4206,2532.2659,6.7282,0.8223
prophet_uk_holidays,feb_2026,0,True,1811.3903,2370.0002,6.0186,0.8243
prophet_uk_holidays,may_2026,0,True,3582.9533,4321.4742,16.6324,-0.7157
weather_only,aug_2025,8,False,2114.5944,2528.4169,10.0726,0.3621
weather_only,nov_2025,8,False,1625.098,2027.1042,5.499,0.8861
weather_only,feb_2026,8,False,1397.0909,1917.1949,4.6828,0.8851
weather_only,may_2026,8,False,2622.4573,3212.7424,11.9235,0.0517
weather + prophet_uk_holidays,aug_2025,8,True,2133.433,2555.2873,10.1334,0.3485
weather + prophet_uk_holidays,nov_2025,8,True,1588.4862,1980.2661,5.387,0.8913
weather + prophet_uk_holidays,feb_2026,8,True,1393.9411,1910.3903,4.6766,0.8859
weather + prophet_uk_holidays,may_2026,8,True,2619.0344,3198.5394,11.8847,0.0601
weather + lag24,aug_2025,9,False,1140.2934,1559.4417,5.4338,0.7573
weather + lag24,nov_2025,9,False,1253.4311,1600.0805,4.3159,0.929
weather + lag24,feb_2026,9,False,1337.0989,1839.7537,4.3833,0.8942
weather + lag24,may_2026,9,False,1267.0576,1686.0825,5.8169,0.7388
weather + lag168,aug_2025,9,False,1424.2118,1917.2867,6.5618,0.6332
weather + lag168,nov_2025,9,False,1558.5327,2024.6498,5.1939,0.8864
weather + lag168,feb_2026,9,False,1415.2504,2059.9486,4.6901,0.8673
weather + lag168,may_2026,9,False,1375.2066,1829.717,6.2814,0.6924
weather + lag24 + lag168,aug_2025,10,False,1056.5225,1489.4567,4.9603,0.7786
weather + lag24 + lag168,nov_2025,10,False,1198.4233,1542.5015,4.058,0.9341
weather + lag24 + lag168,feb_2026,10,False,1292.1495,1768.1119,4.2424,0.9022
weather + lag24 + lag168,may_2026,10,False,1107.8979,1500.0503,5.1038,0.7933
weather + lags + is_holiday,aug_2025,11,False,1069.2031,1406.5303,4.9942,0.8026
weather + lags + is_holiday,nov_2025,11,False,1199.0728,1539.8646,4.0664,0.9343
weather + lags + is_holiday,feb_2026,11,False,1294.628,1770.7562,4.2502,0.9019
weather + lags + is_holiday,may_2026,11,False,1052.2447,1395.7143,4.828,0.821
weather + lags + prophet_uk_holidays,aug_2025,10,True,1067.615,1506.1566,5.0093,0.7736
weather + lags + prophet_uk_holidays,nov_2025,10,True,1191.648,1530.4592,4.037,0.9351
weather + lags + prophet_uk_holidays,feb_2026,10,True,1286.703,1760.8593,4.2256,0.903
weather + lags + prophet_uk_holidays,may_2026,10,True,1051.6368,1405.3253,4.8139,0.8186
weather + weekend,aug_2025,9,False,2108.6347,2521.8161,10.0544,0.3654
weather + weekend,nov_2025,9,False,1626.2089,2029.7463,5.5031,0.8858
weather + weekend,feb_2026,9,False,1392.8991,1910.6039,4.6688,0.8858
weather + weekend,may_2026,9,False,2624.4766,3216.0209,11.9334,0.0498
weather + is_holiday,aug_2025,9,False,2126.141,2546.6041,10.1016,0.3529
weather + is_holiday,nov_2025,9,False,1584.8294,1975.9338,5.3715,0.8918
weather + is_holiday,feb_2026,9,False,1408.3229,1930.2116,4.7215,0.8835
weather + is_holiday,may_2026,9,False,2637.8396,3221.5063,11.9614,0.0465
weather + cal_event_count,aug_2025,9,False,2117.8849,2534.0353,10.0822,0.3593
weather + cal_event_count,nov_2025,9,False,1644.5294,2059.7355,5.5607,0.8824
weather + cal_event_count,feb_2026,9,False,1403.8809,1928.5011,4.7058,0.8837
weather + cal_event_count,may_2026,9,False,2628.1498,3223.1701,11.9433,0.0456
weather + cal_is_covid_lockdown,aug_2025,9,False,2108.7948,2523.5194,10.0539,0.3646
weather + cal_is_covid_lockdown,nov_2025,9,False,1636.7438,2047.9332,5.5344,0.8838
weather + cal_is_covid_lockdown,feb_2026,9,False,1402.2104,1926.3603,4.7003,0.884
weather + cal_is_covid_lockdown,may_2026,9,False,2616.9949,3208.2673,11.8958,0.0544
weather + cal_is_general_election,aug_2025,9,False,2117.0429,2531.3962,10.08,0.3606
weather + cal_is_general_election,nov_2025,9,False,1623.4053,2024.4688,5.4933,0.8864
weather + cal_is_general_election,feb_2026,9,False,1398.5179,1919.4846,4.6874,0.8848
weather + cal_is_general_election,may_2026,9,False,2623.0101,3213.5397,11.9263,0.0513
weather + cal_is_major_football,aug_2025,9,False,2114.5944,2528.4169,10.0726,0.3621
weather + cal_is_major_football,nov_2025,9,False,1625.098,2027.1042,5.499,0.8861
weather + cal_is_major_football,feb_2026,9,False,1397.0909,1917.1949,4.6828,0.8851
weather + cal_is_major_football,may_2026,9,False,2622.4573,3212.7424,11.9235,0.0517
weather + cal_is_non_working_day,aug_2025,9,False,2118.1946,2526.1193,10.0769,0.3633
weather + cal_is_non_working_day,nov_2025,9,False,1609.4764,2012.5823,5.466,0.8877
weather + cal_is_non_working_day,feb_2026,9,False,1408.6136,1935.977,4.7298,0.8828
weather + cal_is_non_working_day,may_2026,9,False,2630.0174,3204.6803,11.9366,0.0565
weather + econ_industrial_production_index_lag1m,aug_2025,9,False,2120.8827,2535.2107,10.0922,0.3587
weather + econ_industrial_production_index_lag1m,nov_2025,9,False,1621.3592,2020.3169,5.4855,0.8869
weather + econ_industrial_production_index_lag1m,feb_2026,9,False,1421.9608,1954.3061,4.7648,0.8806
weather + econ_industrial_production_index_lag1m,may_2026,9,False,2698.9728,3312.6496,12.2547,-0.0082
weather + econ_gdp_index_lag1m,aug_2025,9,False,2118.1047,2532.8246,10.0827,0.3599
weather + econ_gdp_index_lag1m,nov_2025,9,False,1638.4103,2051.2106,5.5462,0.8834
weather + econ_gdp_index_lag1m,feb_2026,9,False,1391.3913,1907.9381,4.6639,0.8862
weather + econ_gdp_index_lag1m,may_2026,9,False,2659.855,3261.6869,12.0842,0.0226
weather + econ_cpi_index_lag1m,aug_2025,9,False,2158.0549,2580.3872,10.2299,0.3356
weather + econ_cpi_index_lag1m,nov_2025,9,False,1608.8165,1990.6362,5.4442,0.8902
weather + econ_cpi_index_lag1m,feb_2026,9,False,1389.7627,1904.7534,4.6581,0.8865
weather + econ_cpi_index_lag1m,may_2026,9,False,2670.7599,3281.1004,12.1231,0.0109
weather + econ_unemployment_rate_lag1m,aug_2025,9,False,2127.7574,2545.4397,10.1154,0.3535
weather + econ_unemployment_rate_lag1m,nov_2025,9,False,1600.6055,1979.9814,5.4116,0.8913
weather + econ_unemployment_rate_lag1m,feb_2026,9,False,1383.555,1893.9041,4.6383,0.8878
weather + econ_unemployment_rate_lag1m,may_2026,9,False,2568.2467,3141.7001,11.6863,0.0932
